index,date,amount,merchant,description,receipt_url,has_receipt,gemini_verdict,llama_verdict,final_status,verification_sources
12,2024-07-01,$140.00,CHARTMETRIC,,https://pub-35015e19c4b442b9af31f1dfd941f47f.r2.dev/receipts/chartmetric_2024-07-01_140_0.jpg,Yes,RATE_LIMITED,VERIFIED,VERIFIED,"gemini_csv,remaining_log"
13,2024-07-01,$19.76,EXPENSIFY INC.,,https://pub-35015e19c4b442b9af31f1dfd941f47f.r2.dev/receipts/expensify_inc_2024-07-01_19_76_3.jpg,Yes,RATE_LIMITED,VERIFIED,VERIFIED,"gemini_csv,remaining_log"
14,2024-07-01,$189.50,LULUS LANDING INC,,https://pub-35015e19c4b442b9af31f1dfd941f47f.r2.dev/receipts/lulus_landing_inc_2024-07-01_189_5.jpg,Yes,RATE_LIMITED,VERIFIED,VERIFIED,"gemini_csv,remaining_log"
15,2024-07-01,$20.66,TST* PYRAMIDS CAFE - AIRP,,https://pub-35015e19c4b442b9af31f1dfd941f47f.r2.dev/receipts/tst_pyramids_cafe_airp_2024-07-01_20_66_3.jpg,Yes,RATE_LIMITED,VERIFIED,VERIFIED,"gemini_csv,remaining_log"
17,2024-07-02,$103.99,LYFT *RIDE TUE 4AM,,https://pub-35015e19c4b442b9af31f1dfd941f47f.r2.dev/receipts/lyft_ride_tue_4am_2024-07-02_103_99.jpg,Yes,RATE_LIMITED,VERIFIED,VERIFIED,"gemini_csv,remaining_log"
18,2024-07-02,$24.56,SLIM &AMP; HUSKIES,,https://pub-35015e19c4b442b9af31f1dfd941f47f.r2.dev/receipts/slim_amp_huskies_2024-07-02_24_56.jpg,Yes,RATE_LIMITED,VERIFIED,VERIFIED,"gemini_csv,remaining_log"
19,2024-07-02,$39.56,UBER TRIP,,https://pub-35015e19c4b442b9af31f1dfd941f47f.r2.dev/receipts/uber_trip_2024-07-02_39_56_3.jpg,Yes,RATE_LIMITED,VERIFIED,VERIFIED,"gemini_csv,remaining_log"
22,2024-07-05,$21.94,APPLE.COM/BILL,,https://pub-35015e19c4b442b9af31f1dfd941f47f.r2.dev/receipts/applecombill_2024-07-05_21_94_3.jpg,Yes,RATE_LIMITED,VERIFIED,VERIFIED,"gemini_csv,remaining_log"
25,2024-07-08,$10.00,CALENDARBRIDGE,,https://pub-35015e19c4b442b9af31f1dfd941f47f.r2.dev/receipts/calendarbridge_2024-07-08_10_0.jpg,Yes,RATE_LIMITED,VERIFIED,VERIFIED,"gemini_csv,remaining_log"
26,2024-07-08,$13.13,SPOTIFY USA,,https://pub-35015e19c4b442b9af31f1dfd941f47f.r2.dev/receipts/spotify_usa_2024-07-08_13_13_3.jpg,Yes,RATE_LIMITED,VERIFIED,VERIFIED,"gemini_csv,resume_csv"
27,2024-07-10,$10.98,MIDJOURNEY INC.,,https://pub-35015e19c4b442b9af31f1dfd941f47f.r2.dev/receipts/midjourney_inc_2024-07-10_10_98_3.jpg,Yes,RATE_LIMITED,VERIFIED,VERIFIED,"gemini_csv,resume_csv"
32,2024-07-15,$12.62,CLEAR *CLEARME.COM,,https://pub-35015e19c4b442b9af31f1dfd941f47f.r2.dev/receipts/clear_clearmecom_2024-07-15_12_62.png,Yes,VERIFIED,MISMATCH,VERIFIED,"gemini_csv,targeted_csv,resume_csv"
39,2024-07-17,$11.32,METROPOLIS PARKING,,https://pub-35015e19c4b442b9af31f1dfd941f47f.r2.dev/receipts/metropolis_parking_2024-07-17_11_32_3.jpg,Yes,RATE_LIMITED,VERIFIED,VERIFIED,"gemini_csv,resume_csv"
40,2024-07-17,$4.49,METROPOLIS PARKING,,https://pub-35015e19c4b442b9af31f1dfd941f47f.r2.dev/receipts/metropolis_parking_2024-07-17_4_49_3.jpg,Yes,RATE_LIMITED,VERIFIED,VERIFIED,"gemini_csv,resume_csv"
41,2024-07-17,$7.55,METROPOLIS PARKING,,https://pub-35015e19c4b442b9af31f1dfd941f47f.r2.dev/receipts/metropolis_parking_2024-07-17_7_55.jpg,Yes,RATE_LIMITED,VERIFIED,VERIFIED,"gemini_csv,resume_csv"
48,2024-07-24,$21.95,CLAUDE.AI SUBSCRIPTION,,https://pub-35015e19c4b442b9af31f1dfd941f47f.r2.dev/receipts/claudeai_subscription_2024-07-24_21_95.jpg,Yes,RATE_LIMITED,VERIFIED,VERIFIED,"gemini_csv,llama_log"
49,2024-07-25,$43.60,CHAR GREEN HILLS,,https://pub-35015e19c4b442b9af31f1dfd941f47f.r2.dev/receipts/char_green_hills_2024-07-25_43_6.jpg,Yes,VERIFIED,,VERIFIED,"gemini_csv,targeted_csv"
50,2024-07-25,$8.85,PARK HAPPY LLC,,https://pub-35015e19c4b442b9af31f1dfd941f47f.r2.dev/receipts/park_happy_llc_2024-07-25_8_85.jpg,Yes,RATE_LIMITED,VERIFIED,VERIFIED,"gemini_csv,llama_log"
51,2024-07-25,$9.29,PMC - PAID PARKING,,https://pub-35015e19c4b442b9af31f1dfd941f47f.r2.dev/receipts/pmc_paid_parking_2024-07-25_9_29.jpg,Yes,RATE_LIMITED,VERIFIED,VERIFIED,"gemini_csv,llama_log"
52,2024-07-25,$50.00,ROSTR PRO,,https://pub-35015e19c4b442b9af31f1dfd941f47f.r2.dev/receipts/rostr_pro_2024-07-25_50_0.jpeg,Yes,RATE_LIMITED,VERIFIED,VERIFIED,"gemini_csv,llama_log"
53,2024-07-26,$19.99,IMDBPRO,,https://pub-35015e19c4b442b9af31f1dfd941f47f.r2.dev/receipts/imdbpro_2024-07-26_19_99.jpg,Yes,RATE_LIMITED,VERIFIED,VERIFIED,"gemini_csv,llama_log"
54,2024-07-26,$8.85,PARK HAPPY LLC,,https://pub-35015e19c4b442b9af31f1dfd941f47f.r2.dev/receipts/park_happy_llc_2024-07-26_8_85.jpg,Yes,RATE_LIMITED,VERIFIED,VERIFIED,"gemini_csv,llama_log"
55,2024-07-26,$9.05,SH NASHVILLE - OTHER,,https://pub-35015e19c4b442b9af31f1dfd941f47f.r2.dev/receipts/sh_nashville_other_2024-07-26_9_05.jpg,Yes,RATE_LIMITED,VERIFIED,VERIFIED,"gemini_csv,llama_log"
57,2024-07-28,$11.00,CARTA NORTH GARAGE,,https://pub-35015e19c4b442b9af31f1dfd941f47f.r2.dev/receipts/carta_north_garage_2024-07-28_11_00.jpg,Yes,RATE_LIMITED,VERIFIED,VERIFIED,"gemini_csv,llama_log"
58,2024-07-29,$8.00,PARKING MANAGEMENT CO.,,https://pub-35015e19c4b442b9af31f1dfd941f47f.r2.dev/receipts/parking_management_co_2024-07-29_8_0.jpg,Yes,RATE_LIMITED,VERIFIED,VERIFIED,"gemini_csv,llama_log"
59,2024-07-30,$15.99,METROPOLIS PARKING,,https://pub-35015e19c4b442b9af31f1dfd941f47f.r2.dev/receipts/metropolis_parking_2024-07-30_15_99_3.jpg,Yes,RATE_LIMITED,VERIFIED,VERIFIED,"gemini_csv,llama_log"
60,2024-07-30,$24.91,SH NASHVILLE - OTHER,,https://pub-35015e19c4b442b9af31f1dfd941f47f.r2.dev/receipts/sh_nashville_other_2024-07-30_24_91.jpg,Yes,VERIFIED,VERIFIED,VERIFIED,"gemini_csv,targeted_csv,llama_log"
61,2024-07-31,$23.14,APPLE.COM/BILL,,https://pub-35015e19c4b442b9af31f1dfd941f47f.r2.dev/receipts/applecombill_2024-07-31_23_14_3.png,Yes,RATE_LIMITED,VERIFIED,VERIFIED,"gemini_csv,llama_log"
62,2024-08-01,$19.76,EXPENSIFY INC.,,https://pub-35015e19c4b442b9af31f1dfd941f47f.r2.dev/receipts/expensify_inc_2024-08-01_19_76_3.jpg,Yes,RATE_LIMITED,VERIFIED,VERIFIED,"gemini_csv,llama_log"
63,2024-08-01,$15.99,METROPOLIS PARKING,,https://pub-35015e19c4b442b9af31f1dfd941f47f.r2.dev/receipts/metropolis_parking_2024-08-01_15_99_3.jpg,Yes,RATE_LIMITED,VERIFIED,VERIFIED,"gemini_csv,llama_log"
64,2024-08-01,$22.28,SH NASHVILLE F&AMP;B,,https://pub-35015e19c4b442b9af31f1dfd941f47f.r2.dev/receipts/sh_nashville_fampb_2024-08-01_22_28.jpg,Yes,RATE_LIMITED,VERIFIED,VERIFIED,"gemini_csv,llama_log"
70,2024-08-05,$21.00,METROPOLIS PARKING,,https://pub-35015e19c4b442b9af31f1dfd941f47f.r2.dev/receipts/metropolis_parking_2024-08-05_21_0.jpg,Yes,RATE_LIMITED,VERIFIED,VERIFIED,"gemini_csv,llama_log"
71,2024-08-05,$9.05,SH NASHVILLE - OTHER,,https://pub-35015e19c4b442b9af31f1dfd941f47f.r2.dev/receipts/sh_nashville_other_2024-08-05_9_05.png,Yes,VERIFIED,VERIFIED,VERIFIED,"gemini_csv,targeted_csv,llama_log"
72,2024-08-05,$38.78,SH NASHVILLE - OTHER,,https://pub-35015e19c4b442b9af31f1dfd941f47f.r2.dev/receipts/sh_nashville_other_2024-08-05_38_78.jpg,Yes,RATE_LIMITED,VERIFIED,VERIFIED,"gemini_csv,llama_log"
73,2024-08-05,$58.16,SH NASHVILLE - OTHER,,https://pub-35015e19c4b442b9af31f1dfd941f47f.r2.dev/receipts/sh_nashville_other_2024-08-05_58_16.jpg,Yes,RATE_LIMITED,VERIFIED,VERIFIED,"gemini_csv,llama_log"
74,2024-08-05,$53.98,SH NASHVILLE F&AMP;B,,https://pub-35015e19c4b442b9af31f1dfd941f47f.r2.dev/receipts/sh_nashville_fampb_2024-08-05_53_98.jpg,Yes,RATE_LIMITED,VERIFIED,VERIFIED,"gemini_csv,llama_log"
78,2024-08-08,$10.00,CALENDARBRIDGE,,https://pub-35015e19c4b442b9af31f1dfd941f47f.r2.dev/receipts/calendarbridge_2024-08-08_10_0.jpg,Yes,RATE_LIMITED,VERIFIED,VERIFIED,"gemini_csv,llama_log"
79,2024-08-08,$38.03,PMC - PAID PARKING,,https://pub-35015e19c4b442b9af31f1dfd941f47f.r2.dev/receipts/pmc_paid_parking_2024-08-08_38_03_3.jpg,Yes,RATE_LIMITED,VERIFIED,VERIFIED,"gemini_csv,llama_log"
80,2024-08-08,$13.13,SPOTIFY USA,,https://pub-35015e19c4b442b9af31f1dfd941f47f.r2.dev/receipts/spotify_usa_2024-08-08_13_13_3.jpg,Yes,RATE_LIMITED,VERIFIED,VERIFIED,"gemini_csv,llama_log"
81,2024-08-09,$163.77,TST*GREEN HILLS GRILLE,,https://pub-35015e19c4b442b9af31f1dfd941f47f.r2.dev/receipts/tstgreen_hills_grille_2024-08-09_163_77_3.png,Yes,RATE_LIMITED,VERIFIED,VERIFIED,"gemini_csv,llama_log"
82,2024-08-10,$17.52,APPLE.COM/BILL,,https://pub-35015e19c4b442b9af31f1dfd941f47f.r2.dev/receipts/applecombill_2024-08-10_17_52.jpg,Yes,RATE_LIMITED,VERIFIED,VERIFIED,"gemini_csv,llama_log"
83,2024-08-10,$119.34,DD *DOORDASH EDLEYSBAR,,https://pub-35015e19c4b442b9af31f1dfd941f47f.r2.dev/receipts/dd_doordash_edleysbar_2024-08-10_119_34_3.jpg,Yes,RATE_LIMITED,VERIFIED,VERIFIED,"gemini_csv,llama_log"
85,2024-08-10,$10.98,MIDJOURNEY INC.,,https://pub-35015e19c4b442b9af31f1dfd941f47f.r2.dev/receipts/midjourney_inc_2024-08-10_10_98_3.jpg,Yes,RATE_LIMITED,VERIFIED,VERIFIED,"gemini_csv,llama_log"
86,2024-08-11,$17.55,APPLE.COM/BILL,,https://pub-35015e19c4b442b9af31f1dfd941f47f.r2.dev/receipts/applecombill_2024-08-11_17_55_3.jpg,Yes,RATE_LIMITED,VERIFIED,VERIFIED,"gemini_csv,llama_log"
87,2024-08-11,$288.00,SUNO INC.,,https://pub-35015e19c4b442b9af31f1dfd941f47f.r2.dev/receipts/suno_inc_2024-08-11_288_0.jpg,Yes,RATE_LIMITED,VERIFIED,VERIFIED,"gemini_csv,llama_log"
92,2024-08-14,$5.00,CLOUDFLARE,,https://pub-35015e19c4b442b9af31f1dfd941f47f.r2.dev/receipts/cloudflare_2024-08-14_5_0.jpg,Yes,RATE_LIMITED,VERIFIED,VERIFIED,"gemini_csv,llama_log"
95,2024-08-14,$8.85,PARK HAPPY LLC,,https://pub-35015e19c4b442b9af31f1dfd941f47f.r2.dev/receipts/park_happy_llc_2024-08-14_8_85.jpg,Yes,RATE_LIMITED,VERIFIED,VERIFIED,"gemini_csv,llama_log"
98,2024-08-15,$76.81,APPLE.COM/BILL,,https://pub-35015e19c4b442b9af31f1dfd941f47f.r2.dev/receipts/applecombill_2024-08-15_76_81_3.jpg,Yes,RATE_LIMITED,VERIFIED,VERIFIED,"gemini_csv,llama_log"
99,2024-08-15,$8.85,PARK HAPPY LLC,,https://pub-35015e19c4b442b9af31f1dfd941f47f.r2.dev/receipts/park_happy_llc_2024-08-15_8_85.jpg,Yes,RATE_LIMITED,VERIFIED,VERIFIED,"gemini_csv,llama_log"
100,2024-08-15,$74.97,SH NASHVILLE - OTHER,,https://pub-35015e19c4b442b9af31f1dfd941f47f.r2.dev/receipts/sh_nashville_other_2024-08-15_74_97.jpg,Yes,RATE_LIMITED,VERIFIED,VERIFIED,"gemini_csv,llama_log"
104,2024-08-17,$42.00,METROPOLIS PARKING,,https://pub-35015e19c4b442b9af31f1dfd941f47f.r2.dev/receipts/metropolis_parking_2024-08-17_42_0.jpg,Yes,RATE_LIMITED,VERIFIED,VERIFIED,"gemini_csv,llama_log"
106,2024-08-18,$31.50,METROPOLIS PARKING,,https://pub-35015e19c4b442b9af31f1dfd941f47f.r2.dev/receipts/metropolis_parking_2024-08-18_31_5.jpg,Yes,RATE_LIMITED,VERIFIED,VERIFIED,"gemini_csv,llama_log"
107,2024-08-18,$78.00,TST*LOSERS - DOWNTOWN,,https://pub-35015e19c4b442b9af31f1dfd941f47f.r2.dev/receipts/tstlosers_downtown_2024-08-18_78_0.jpg,Yes,RATE_LIMITED,VERIFIED,VERIFIED,"gemini_csv,llama_log"
109,2024-08-19,$51.70,SH NASHVILLE - OTHER,,https://pub-35015e19c4b442b9af31f1dfd941f47f.r2.dev/receipts/sh_nashville_other_2024-08-19_51_7.jpg,Yes,RATE_LIMITED,VERIFIED,VERIFIED,"gemini_csv,llama_log"
110,2024-08-19,$47.82,SH NASHVILLE - OTHER,,https://pub-35015e19c4b442b9af31f1dfd941f47f.r2.dev/receipts/sh_nashville_other_2024-08-19_47_82.jpg,Yes,RATE_LIMITED,VERIFIED,VERIFIED,"gemini_csv,llama_log"
111,2024-08-19,$31.02,SH NASHVILLE - OTHER,,https://pub-35015e19c4b442b9af31f1dfd941f47f.r2.dev/receipts/sh_nashville_other_2024-08-19_31_02.PNG,Yes,VERIFIED,VERIFIED,VERIFIED,"gemini_csv,targeted_csv,llama_log"
113,2024-08-20,$10.26,PARK HAPPY LLC,,https://pub-35015e19c4b442b9af31f1dfd941f47f.r2.dev/receipts/park_happy_llc_2024-08-20_10_26.jpg,Yes,RATE_LIMITED,VERIFIED,VERIFIED,"gemini_csv,llama_log"
114,2024-08-20,$23.21,PMC - PAID PARKING,,https://pub-35015e19c4b442b9af31f1dfd941f47f.r2.dev/receipts/pmc_paid_parking_2024-08-20_23_21_3.jpg,Yes,RATE_LIMITED,VERIFIED,VERIFIED,"gemini_csv,llama_log"
115,2024-08-20,$28.39,TST*PANCHO AND LEFTYS CA,,https://pub-35015e19c4b442b9af31f1dfd941f47f.r2.dev/receipts/tstpancho_and_leftys_ca_2024-08-20_28_39_3.jpg,Yes,RATE_LIMITED,VERIFIED,VERIFIED,"gemini_csv,llama_log"
117,2024-08-21,$38.03,PMC - PAID PARKING,,https://pub-35015e19c4b442b9af31f1dfd941f47f.r2.dev/receipts/pmc_paid_parking_2024-08-21_38_03_3.jpg,Yes,RATE_LIMITED,VERIFIED,VERIFIED,"gemini_csv,llama_log"
120,2024-08-22,$174.56,LINKEDIN JOB 9849229796,,https://pub-35015e19c4b442b9af31f1dfd941f47f.r2.dev/receipts/linkedin_job_9849229796_2024-08-22_174_56.jpg,Yes,RATE_LIMITED,VERIFIED,VERIFIED,"gemini_csv,llama_log"
122,2024-08-22,$29.28,PMC - PAID PARKING,,https://pub-35015e19c4b442b9af31f1dfd941f47f.r2.dev/receipts/pmc_paid_parking_2024-08-22_29_28_3.jpg,Yes,RATE_LIMITED,VERIFIED,VERIFIED,"gemini_csv,llama_log"
125,2024-08-23,$10.99,METROPOLIS PARKING,,https://pub-35015e19c4b442b9af31f1dfd941f47f.r2.dev/receipts/metropolis_parking_2024-08-23_10_99_3.jpg,Yes,RATE_LIMITED,VERIFIED,VERIFIED,"gemini_csv,llama_log"
129,2024-08-23,$9.05,SH NASHVILLE - OTHER,,https://pub-35015e19c4b442b9af31f1dfd941f47f.r2.dev/receipts/sh_nashville_other_2024-08-23_9_05.png,Yes,MISMATCH,VERIFIED,VERIFIED,"gemini_csv,targeted_csv,llama_log"
134,2024-08-24,$21.95,CLAUDE.AI SUBSCRIPTION,,https://pub-35015e19c4b442b9af31f1dfd941f47f.r2.dev/receipts/claudeai_subscription_2024-08-24_21_95.jpg,Yes,RATE_LIMITED,VERIFIED,VERIFIED,"gemini_csv,llama_log"
136,2024-08-25,$50.00,ROSTR PRO,,https://pub-35015e19c4b442b9af31f1dfd941f47f.r2.dev/receipts/rostr_pro_2024-08-25_50_0.jpg,Yes,RATE_LIMITED,VERIFIED,VERIFIED,"gemini_csv,llama_log"
138,2024-08-26,$19.99,IMDBPRO,,https://pub-35015e19c4b442b9af31f1dfd941f47f.r2.dev/receipts/imdbpro_2024-08-26_19_99.jpg,Yes,RATE_LIMITED,VERIFIED,VERIFIED,"gemini_csv,llama_log"
139,2024-08-26,$23.21,PMC - PAID PARKING,,https://pub-35015e19c4b442b9af31f1dfd941f47f.r2.dev/receipts/pmc_paid_parking_2024-08-26_23_21_3.jpg,Yes,RATE_LIMITED,VERIFIED,VERIFIED,"gemini_csv,llama_log"
140,2024-08-26,$24.91,SH NASHVILLE F&AMP;B,,https://pub-35015e19c4b442b9af31f1dfd941f47f.r2.dev/receipts/sh_nashville_fampb_2024-08-26_24_91.jpg,Yes,RATE_LIMITED,VERIFIED,VERIFIED,"gemini_csv,llama_log"
141,2024-08-27,$40.33,APPLE.COM/BILL,,https://pub-35015e19c4b442b9af31f1dfd941f47f.r2.dev/receipts/applecombill_2024-08-27_40_33.jpg,Yes,RATE_LIMITED,VERIFIED,VERIFIED,"gemini_csv,llama_log"
143,2024-08-27,$418.98,SOUTHWES 5262554636372,,https://pub-35015e19c4b442b9af31f1dfd941f47f.r2.dev/receipts/southwes_5262554636372_2024-08-27_418_98.jpg,Yes,RATE_LIMITED,VERIFIED,VERIFIED,"gemini_csv,llama_log"
152,2024-08-28,$18.10,SH NASHVILLE - OTHER,,https://pub-35015e19c4b442b9af31f1dfd941f47f.r2.dev/receipts/sh_nashville_other_2024-08-28_18_1.jpg,Yes,RATE_LIMITED,VERIFIED,VERIFIED,"gemini_csv,llama_log"
156,2024-08-30,$84.47,CHUY'S 110,,https://pub-35015e19c4b442b9af31f1dfd941f47f.r2.dev/receipts/chuys_110_2024-08-30_84_47.jpg,Yes,RATE_LIMITED,VERIFIED,VERIFIED,"gemini_csv,llama_log"
157,2024-08-30,$16.99,METROPOLIS PARKING,,https://pub-35015e19c4b442b9af31f1dfd941f47f.r2.dev/receipts/metropolis_parking_2024-08-30_16_99.jpg,Yes,RATE_LIMITED,VERIFIED,VERIFIED,"gemini_csv,llama_log"
158,2024-08-30,$32.93,MIDJOURNEY INC.,,https://pub-35015e19c4b442b9af31f1dfd941f47f.r2.dev/receipts/midjourney_inc_2024-08-30_32_93.jpg,Yes,RATE_LIMITED,VERIFIED,VERIFIED,"gemini_csv,llama_log"
160,2024-09-01,$19.76,EXPENSIFY INC.,,https://pub-35015e19c4b442b9af31f1dfd941f47f.r2.dev/receipts/expensify_inc_2024-09-01_19_76_3.jpeg,Yes,RATE_LIMITED,VERIFIED,VERIFIED,"gemini_csv,llama_log"
163,2024-09-03,$17.88,METROPOLIS PARKING,,https://pub-35015e19c4b442b9af31f1dfd941f47f.r2.dev/receipts/metropolis_parking_2024-09-03_17_88.jpg,Yes,RATE_LIMITED,VERIFIED,VERIFIED,"gemini_csv,llama_log"
164,2024-09-03,$24.17,SQ *HIGH POINT COFFEE TN,,https://pub-35015e19c4b442b9af31f1dfd941f47f.r2.dev/receipts/sq_high_point_coffee_tn_2024-09-03_24_17.png,Yes,RATE_LIMITED,VERIFIED,VERIFIED,"gemini_csv,llama_log"
169,2024-09-04,$5.46,SQ *WELL COFFEEHOUSE BREN,,https://pub-35015e19c4b442b9af31f1dfd941f47f.r2.dev/receipts/sq_well_coffeehouse_bren_2024-09-04_5_46_3.jpg,Yes,RATE_LIMITED,VERIFIED,VERIFIED,"gemini_csv,llama_log"
170,2024-09-05,$21.00,METROPOLIS PARKING,,https://pub-35015e19c4b442b9af31f1dfd941f47f.r2.dev/receipts/metropolis_parking_2024-09-05_21_0.jpg,Yes,RATE_LIMITED,VERIFIED,VERIFIED,"gemini_csv,llama_log"
171,2024-09-05,$10.99,METROPOLIS PARKING,,https://pub-35015e19c4b442b9af31f1dfd941f47f.r2.dev/receipts/metropolis_parking_2024-09-05_10_99.jpg,Yes,RATE_LIMITED,VERIFIED,VERIFIED,"gemini_csv,llama_log"
172,2024-09-05,$100.82,SH NASHVILLE - OTHER,,https://pub-35015e19c4b442b9af31f1dfd941f47f.r2.dev/receipts/sh_nashville_other_2024-09-05_100_82.jpg,Yes,RATE_LIMITED,VERIFIED,VERIFIED,"gemini_csv,llama_log"
174,2024-09-06,$10.96,APPLE.COM/BILL,,https://pub-35015e19c4b442b9af31f1dfd941f47f.r2.dev/receipts/applecombill_2024-09-06_10_96_3.jpg,Yes,RATE_LIMITED,VERIFIED,VERIFIED,"gemini_csv,llama_log"
177,2024-09-06,$40.07,SH NASHVILLE - OTHER,,https://pub-35015e19c4b442b9af31f1dfd941f47f.r2.dev/receipts/sh_nashville_other_2024-09-06_40_07.jpg,Yes,RATE_LIMITED,VERIFIED,VERIFIED,"gemini_csv,llama_log"
178,2024-09-06,$24.56,SH NASHVILLE - OTHER,,https://pub-35015e19c4b442b9af31f1dfd941f47f.r2.dev/receipts/sh_nashville_other_2024-09-06_24_56.jpg,Yes,RATE_LIMITED,VERIFIED,VERIFIED,"gemini_csv,llama_log"
181,2024-09-07,$100.57,GOLDEN NUGGET HOTEL LV,,https://pub-35015e19c4b442b9af31f1dfd941f47f.r2.dev/receipts/golden_nugget_hotel_lv_2024-09-07_100_57.jpg,Yes,RATE_LIMITED,VERIFIED,VERIFIED,"gemini_csv,llama_log"
186,2024-09-08,$10.00,CALENDARBRIDGE,,https://pub-35015e19c4b442b9af31f1dfd941f47f.r2.dev/receipts/calendarbridge_2024-09-08_10_0.jpg,Yes,RATE_LIMITED,VERIFIED,VERIFIED,"gemini_csv,llama_log"
191,2024-09-09,$93.26,APPLE.COM/BILL,,https://pub-35015e19c4b442b9af31f1dfd941f47f.r2.dev/receipts/applecombill_2024-09-09_93_26_3.jpg,Yes,RATE_LIMITED,VERIFIED,VERIFIED,"gemini_csv,llama_log"
192,2024-09-09,$7.55,METROPOLIS PARKING,,https://pub-35015e19c4b442b9af31f1dfd941f47f.r2.dev/receipts/metropolis_parking_2024-09-09_7_55.jpg,Yes,RATE_LIMITED,VERIFIED,VERIFIED,"gemini_csv,llama_log"
199,2024-09-10,$69.90,DEL FRISCOS GRILL NASHVL,,https://pub-35015e19c4b442b9af31f1dfd941f47f.r2.dev/receipts/missing_receipt_downhome_09-10-2024_697d5c71.jpg,Yes,VERIFIED,VERIFIED,VERIFIED,"gemini_csv,targeted_csv,llama_log"
201,2024-09-11,$86.62,CADILLAC BAR LAS VEGAS,,https://pub-35015e19c4b442b9af31f1dfd941f47f.r2.dev/receipts/cadillac_bar_las_vegas_2024-09-11_86_62_3.jpg,Yes,RATE_LIMITED,VERIFIED,VERIFIED,"gemini_csv,llama_log"
206,2024-09-11,$20.66,TST* PYRAMIDS CAFE - AIRP,,https://pub-35015e19c4b442b9af31f1dfd941f47f.r2.dev/receipts/tst_pyramids_cafe_airp_2024-09-11_20_66_3.jpg,Yes,RATE_LIMITED,VERIFIED,VERIFIED,"gemini_csv,llama_log"
207,2024-09-11,$44.78,UBER *TRIP,,https://pub-35015e19c4b442b9af31f1dfd941f47f.r2.dev/receipts/uber_trip_2024-09-11_44_78_3.jpg,Yes,RATE_LIMITED,VERIFIED,VERIFIED,"gemini_csv,llama_log"
209,2024-09-12,$26.92,UBER *TRIP,,https://pub-35015e19c4b442b9af31f1dfd941f47f.r2.dev/receipts/uber_trip_2024-09-12_26_92_3.jpg,Yes,RATE_LIMITED,VERIFIED,VERIFIED,"gemini_csv,llama_log"
211,2024-09-12,$41.98,UBER *TRIP,,https://pub-35015e19c4b442b9af31f1dfd941f47f.r2.dev/receipts/uber_trip_2024-09-12_41_98.png,Yes,VERIFIED,ERROR,VERIFIED,"gemini_csv,targeted_csv,llama_log"
215,2024-09-15,$76.81,APPLE.COM/BILL,,https://pub-35015e19c4b442b9af31f1dfd941f47f.r2.dev/receipts/applecombill_2024-09-15_76_81_3.jpg,Yes,RATE_LIMITED,VERIFIED,VERIFIED,"gemini_csv,llama_log"
216,2024-09-15,$77.89,APPLE.COM/BILL,,https://pub-35015e19c4b442b9af31f1dfd941f47f.r2.dev/receipts/applecombill_2024-09-15_77_89_3.jpg,Yes,RATE_LIMITED,VERIFIED,VERIFIED,"gemini_csv,llama_log"
219,2024-09-16,$17.88,METROPOLIS PARKING,,https://pub-35015e19c4b442b9af31f1dfd941f47f.r2.dev/receipts/metropolis_parking_2024-09-16_17_88.jpg,Yes,RATE_LIMITED,VERIFIED,VERIFIED,"gemini_csv,llama_log"
220,2024-09-16,$38.24,PARKINGMANAGEMENTCOMPANY,,https://pub-35015e19c4b442b9af31f1dfd941f47f.r2.dev/receipts/parkingmanagementcompany_2024-09-16_38_24_3.jpg,Yes,RATE_LIMITED,VERIFIED,VERIFIED,"gemini_csv,llama_log"
223,2024-09-16,$40.07,SH NASHVILLE - OTHER,,https://pub-35015e19c4b442b9af31f1dfd941f47f.r2.dev/receipts/sh_nashville_other_2024-09-16_40_07.jpg,Yes,RATE_LIMITED,VERIFIED,VERIFIED,"gemini_csv,llama_log"
228,2024-09-18,$29.22,PMC - PAID PARKING,,https://pub-35015e19c4b442b9af31f1dfd941f47f.r2.dev/receipts/pmc_paid_parking_2024-09-18_29_22.png,Yes,VERIFIED,MISMATCH,VERIFIED,"gemini_csv,targeted_csv,llama_log"
229,2024-09-18,$71.09,SH NASHVILLE - OTHER,,https://pub-35015e19c4b442b9af31f1dfd941f47f.r2.dev/receipts/sh_nashville_other_2024-09-18_71_09.jpg,Yes,RATE_LIMITED,VERIFIED,VERIFIED,"gemini_csv,llama_log"
232,2024-09-19,$11.63,SH NASHVILLE - OTHER,,https://pub-35015e19c4b442b9af31f1dfd941f47f.r2.dev/receipts/sh_nashville_other_2024-09-19_11_63.jpg,Yes,VERIFIED,VERIFIED,VERIFIED,"gemini_csv,targeted_csv,llama_log"
233,2024-09-19,$38.78,SH NASHVILLE - OTHER,,https://pub-35015e19c4b442b9af31f1dfd941f47f.r2.dev/receipts/sh_nashville_other_2024-09-19_38_78.jpg,Yes,RATE_LIMITED,VERIFIED,VERIFIED,"gemini_csv,llama_log"
240,2024-09-24,$689.59,SH NASHVILLE - OTHER,,https://pub-35015e19c4b442b9af31f1dfd941f47f.r2.dev/receipts/sh_nashville_other_2024-09-24_689_59.jpg,Yes,RATE_LIMITED,VERIFIED,VERIFIED,"gemini_csv,llama_log"
244,2024-09-25,$224.64,SH NASHVILLE - OTHER,,https://pub-35015e19c4b442b9af31f1dfd941f47f.r2.dev/receipts/sh_nashville_other_2024-09-25_224_64.jpg,Yes,RATE_LIMITED,VERIFIED,VERIFIED,"gemini_csv,llama_log"
246,2024-09-26,$19.99,IMDBPRO,,https://pub-35015e19c4b442b9af31f1dfd941f47f.r2.dev/receipts/imdbpro_2024-09-26_19_99.jpg,Yes,RATE_LIMITED,VERIFIED,VERIFIED,"gemini_csv,llama_log"
247,2024-09-26,$8.85,PARK HAPPY LLC,,https://pub-35015e19c4b442b9af31f1dfd941f47f.r2.dev/receipts/park_happy_llc_2024-09-26_8_85.jpg,Yes,RATE_LIMITED,VERIFIED,VERIFIED,"gemini_csv,llama_log"
248,2024-09-26,$14.22,SH NASHVILLE - OTHER,,https://pub-35015e19c4b442b9af31f1dfd941f47f.r2.dev/receipts/sh_nashville_other_2024-09-26_14_22.jpg,Yes,RATE_LIMITED,VERIFIED,VERIFIED,"gemini_csv,llama_log"
251,2024-09-30,$32.93,MIDJOURNEY INC.,,https://pub-35015e19c4b442b9af31f1dfd941f47f.r2.dev/receipts/midjourney_inc_2024-09-30_32_93.jpg,Yes,RATE_LIMITED,VERIFIED,VERIFIED,"gemini_csv,llama_log"
254,2024-10-01,$10.49,TST*BONGO JAVA BELMONT,,https://pub-35015e19c4b442b9af31f1dfd941f47f.r2.dev/receipts/tstbongo_java_belmont_2024-10-01_10_49_3.jpg,Yes,RATE_LIMITED,VERIFIED,VERIFIED,"gemini_csv,llama_log"
258,2024-10-03,$106.85,TST* SMOKIN THIGHS LLC,,https://pub-35015e19c4b442b9af31f1dfd941f47f.r2.dev/receipts/tst_smokin_thighs_llc_2024-10-03_106_85.jpg,Yes,RATE_LIMITED,VERIFIED,VERIFIED,"gemini_csv,llama_log"
263,2024-10-04,$21.00,METROPOLIS PARKING,,https://pub-35015e19c4b442b9af31f1dfd941f47f.r2.dev/receipts/metropolis_parking_2024-10-04_21_0.jpg,Yes,RATE_LIMITED,VERIFIED,VERIFIED,"gemini_csv,llama_log"
266,2024-10-07,$52.99,SH NASHVILLE - OTHER,,https://pub-35015e19c4b442b9af31f1dfd941f47f.r2.dev/receipts/sh_nashville_other_2024-10-07_52_99.jpg,Yes,RATE_LIMITED,VERIFIED,VERIFIED,"gemini_csv,llama_log"
267,2024-10-07,$29.73,SH NASHVILLE - OTHER,,https://pub-35015e19c4b442b9af31f1dfd941f47f.r2.dev/receipts/sh_nashville_other_2024-10-07_29_73.jpg,Yes,RATE_LIMITED,VERIFIED,VERIFIED,"gemini_csv,llama_log"
268,2024-10-08,$10.00,CALENDARBRIDGE,,https://pub-35015e19c4b442b9af31f1dfd941f47f.r2.dev/receipts/calendarbridge_2024-10-08_10_0.jpg,Yes,RATE_LIMITED,VERIFIED,VERIFIED,"gemini_csv,llama_log"
269,2024-10-08,$83.92,CORNER PUB,,https://pub-35015e19c4b442b9af31f1dfd941f47f.r2.dev/receipts/corner_pub_2024-10-08_83_92.heic,Yes,VERIFIED,ERROR,VERIFIED,"gemini_csv,targeted_csv,llama_log"
271,2024-10-08,$26.25,METROPOLIS PARKING,,https://pub-35015e19c4b442b9af31f1dfd941f47f.r2.dev/receipts/metropolis_parking_2024-10-08_26_25_3.jpg,Yes,RATE_LIMITED,VERIFIED,VERIFIED,"gemini_csv,llama_log"
273,2024-10-09,$30.05,PMC - PAID PARKING,,https://pub-35015e19c4b442b9af31f1dfd941f47f.r2.dev/receipts/pmc_paid_parking_2024-10-09_30_05.png,Yes,VERIFIED,VERIFIED,VERIFIED,"gemini_csv,targeted_csv,llama_log"
277,2024-10-11,$23.27,SH NASHVILLE - OTHER,,https://pub-35015e19c4b442b9af31f1dfd941f47f.r2.dev/receipts/sh_nashville_other_2024-10-11_23_27.PNG,Yes,VERIFIED,VERIFIED,VERIFIED,"gemini_csv,targeted_csv,llama_log"
281,2024-10-13,$9.00,SOURCEGRAPH INC,,https://pub-35015e19c4b442b9af31f1dfd941f47f.r2.dev/receipts/sourcegraph_inc_2024-10-13_9_0.jpg,Yes,RATE_LIMITED,VERIFIED,VERIFIED,"gemini_csv,llama_log"
282,2024-10-14,$5.00,CLOUDFLARE,,https://pub-35015e19c4b442b9af31f1dfd941f47f.r2.dev/receipts/cloudflare_2024-10-14_5_0.jpg,Yes,RATE_LIMITED,VERIFIED,VERIFIED,"gemini_csv,llama_log"
284,2024-10-16,$1450.00,ACADEMY OF COUNTRY MUS,,https://pub-35015e19c4b442b9af31f1dfd941f47f.r2.dev/receipts/academy_of_country_mus_2024-10-16_1450_0.jpg,Yes,RATE_LIMITED,VERIFIED,VERIFIED,"gemini_csv,llama_log"
289,2024-10-16,$37.48,SH NASHVILLE - OTHER,,https://pub-35015e19c4b442b9af31f1dfd941f47f.r2.dev/receipts/sh_nashville_other_2024-10-16_37_48.jpg,Yes,VERIFIED,,VERIFIED,"gemini_csv,targeted_csv"
294,2024-10-22,$144.00,RUNWAY STANDARD PLAN,,https://pub-35015e19c4b442b9af31f1dfd941f47f.r2.dev/receipts/runway_standard_plan_2024-10-22_144_0.jpg,Yes,VERIFIED,,VERIFIED,gemini_csv
295,2024-10-23,$6.73,201 BELCOURT LOT,,https://pub-35015e19c4b442b9af31f1dfd941f47f.r2.dev/receipts/201_belcourt_lot_2024-10-23_6_73.jpg,Yes,VERIFIED,,VERIFIED,gemini_csv
297,2024-10-23,$34.75,TST*FIDO BONGO JAVA,,https://pub-35015e19c4b442b9af31f1dfd941f47f.r2.dev/receipts/tstfido_bongo_java_2024-10-23_34_75_3.jpg,Yes,VERIFIED,,VERIFIED,gemini_csv
298,2024-10-24,$21.95,CLAUDE.AI SUBSCRIPTION,,https://pub-35015e19c4b442b9af31f1dfd941f47f.r2.dev/receipts/claudeai_subscription_2024-10-24_21_95.jpg,Yes,VERIFIED,,VERIFIED,gemini_csv
327,2024-11-08,$45.24,SH NASHVILLE - OTHER,,https://pub-35015e19c4b442b9af31f1dfd941f47f.r2.dev/receipts/sh_nashville_other_2024-11-08_45_24.PNG,Yes,VERIFIED,,VERIFIED,targeted_csv
362,2024-11-25,$51.98,CORNER PUB,,https://pub-35015e19c4b442b9af31f1dfd941f47f.r2.dev/receipts/corner_pub_2024-11-25_51_98.heic,Yes,VERIFIED,,VERIFIED,targeted_csv
405,2024-12-07,$19.00,DESERT STAR LOUNGE,,https://pub-35015e19c4b442b9af31f1dfd941f47f.r2.dev/receipts/desert_star_lounge_2024-12-07_19_0.jpg,Yes,VERIFIED,,VERIFIED,gemini_csv
408,2024-12-07,$33.16,PIZZA FORTE HARD ROCK,,https://pub-35015e19c4b442b9af31f1dfd941f47f.r2.dev/receipts/pizza_forte_hard_rock_2024-12-07_33_16.jpg,Yes,VERIFIED,,VERIFIED,gemini_csv
427,2024-12-17,$21.00,METROPOLIS PARKING,,https://pub-35015e19c4b442b9af31f1dfd941f47f.r2.dev/receipts/metropolis_parking_2024-12-17_21_0.jpg,Yes,VERIFIED,,VERIFIED,gemini_csv
428,2024-12-17,$80.70,TST*CROWS NEST,,https://pub-35015e19c4b442b9af31f1dfd941f47f.r2.dev/receipts/tstcrows_nest_2024-12-17_80_7.jpg,Yes,VERIFIED,,VERIFIED,gemini_csv
429,2024-12-18,$160.00,CHARTMETRIC,,https://pub-35015e19c4b442b9af31f1dfd941f47f.r2.dev/receipts/chartmetric_2024-12-18_160_0.jpg,Yes,VERIFIED,,VERIFIED,gemini_csv
430,2024-12-18,$15.99,METROPOLIS PARKING,,https://pub-35015e19c4b442b9af31f1dfd941f47f.r2.dev/receipts/metropolis_parking_2024-12-18_15_99_3.jpg,Yes,VERIFIED,,VERIFIED,gemini_csv
431,2024-12-18,$55.98,W NASHVILLE,,https://pub-35015e19c4b442b9af31f1dfd941f47f.r2.dev/receipts/w_nashville_2024-12-18_55_98.jpg,Yes,VERIFIED,,VERIFIED,gemini_csv
432,2024-12-18,$180.00,W NASHVILLE,,https://pub-35015e19c4b442b9af31f1dfd941f47f.r2.dev/receipts/w_nashville_2024-12-18_180_0.jpg,Yes,VERIFIED,,VERIFIED,gemini_csv
434,2024-12-19,$16.29,METROPOLIS PARKING,,https://pub-35015e19c4b442b9af31f1dfd941f47f.r2.dev/receipts/metropolis_parking_2024-12-19_16_29.jpg,Yes,VERIFIED,,VERIFIED,gemini_csv
435,2024-12-19,$360.00,ROSTR PRO* TRIAL OVER,,https://pub-35015e19c4b442b9af31f1dfd941f47f.r2.dev/receipts/rostr_pro_trial_over_2024-12-19_360_0.jpg,Yes,VERIFIED,,VERIFIED,gemini_csv
436,2024-12-20,$20.68,SH NASHVILLE - OTHER,,https://pub-35015e19c4b442b9af31f1dfd941f47f.r2.dev/receipts/sh_nashville_other_2024-12-20_20_68.jpg,Yes,VERIFIED,,VERIFIED,gemini_csv
437,2024-12-20,$49.84,TST*GREEN HILLS GRILLE,,https://pub-35015e19c4b442b9af31f1dfd941f47f.r2.dev/receipts/tstgreen_hills_grille_2024-12-20_49_84_3.jpg,Yes,VERIFIED,,VERIFIED,gemini_csv
441,2024-12-24,$21.95,CLAUDE.AI SUBSCRIPTION,,https://pub-35015e19c4b442b9af31f1dfd941f47f.r2.dev/receipts/claudeai_subscription_2024-12-24_21_95.jpg,Yes,VERIFIED,,VERIFIED,gemini_csv
442,2024-12-24,$28.00,PIKA.ART,,https://pub-35015e19c4b442b9af31f1dfd941f47f.r2.dev/receipts/pikaart_2024-12-24_28_0.jpg,Yes,VERIFIED,,VERIFIED,gemini_csv
450,2025-01-05,$155.60,THE GOAT MOUNT JULIET,,https://pub-35015e19c4b442b9af31f1dfd941f47f.r2.dev/receipts/the_goat_mount_juliet_2025-01-05_155_6.jpg,Yes,VERIFIED,,VERIFIED,"gemini_csv,targeted_csv"
451,2025-01-06,$18.47,METROPOLIS PARKING,,https://pub-35015e19c4b442b9af31f1dfd941f47f.r2.dev/receipts/metropolis_parking_2025-01-06_18_47.jpg,Yes,VERIFIED,,VERIFIED,"gemini_csv,targeted_csv"
452,2025-01-06,$15.99,METROPOLIS PARKING,,https://pub-35015e19c4b442b9af31f1dfd941f47f.r2.dev/receipts/metropolis_parking_2025-01-06_15_99_3.jpg,Yes,VERIFIED,,VERIFIED,gemini_csv
455,2025-01-06,$50.00,THE DONELSON PUB,,https://pub-35015e19c4b442b9af31f1dfd941f47f.r2.dev/receipts/the_donelson_pub_2025-01-06_50_0.jpg,Yes,VERIFIED,,VERIFIED,gemini_csv
457,2025-01-07,$16.54,SQ *MONAMIE COFFEE,,https://pub-35015e19c4b442b9af31f1dfd941f47f.r2.dev/receipts/sq_monamie_coffee_2025-01-07_16_54.jpg,Yes,VERIFIED,,VERIFIED,gemini_csv
459,2025-01-08,$17.88,METROPOLIS PARKING,,https://pub-35015e19c4b442b9af31f1dfd941f47f.r2.dev/receipts/metropolis_parking_2025-01-08_17_88.jpg,Yes,VERIFIED,,VERIFIED,gemini_csv
460,2025-01-08,$13.13,SPOTIFY USA,,https://pub-35015e19c4b442b9af31f1dfd941f47f.r2.dev/receipts/spotify_usa_2025-01-08_13_13_3.jpg,Yes,VERIFIED,,VERIFIED,gemini_csv
537,2025-02-21,$26.25,METROPOLIS PARKING,,https://pub-35015e19c4b442b9af31f1dfd941f47f.r2.dev/receipts/metropolis_parking_2025-02-21_26_25_3.jpg,Yes,VERIFIED,,VERIFIED,gemini_csv
538,2025-02-24,$21.95,CLAUDE.AI SUBSCRIPTION,,https://pub-35015e19c4b442b9af31f1dfd941f47f.r2.dev/receipts/claudeai_subscription_2025-02-24_21_95.jpg,Yes,VERIFIED,,VERIFIED,gemini_csv
541,2025-02-25,$49.61,TST* BOOTLEGGERS INN,,https://pub-35015e19c4b442b9af31f1dfd941f47f.r2.dev/receipts/tst_bootleggers_inn_2025-02-25_49_61.jpg,Yes,VERIFIED,,VERIFIED,gemini_csv
546,2025-02-26,$15.99,METROPOLIS PARKING,,https://pub-35015e19c4b442b9af31f1dfd941f47f.r2.dev/receipts/metropolis_parking_2025-02-26_15_99.jpg,Yes,VERIFIED,,VERIFIED,gemini_csv
572,2025-03-13,$36.75,METROPOLIS PARKING,,https://pub-35015e19c4b442b9af31f1dfd941f47f.r2.dev/receipts/metropolis_parking_2025-03-13_36_75_3.jpg,Yes,VERIFIED,,VERIFIED,gemini_csv
580,2025-03-21,$9.00,HUGGINGFACE,,https://pub-35015e19c4b442b9af31f1dfd941f47f.r2.dev/receipts/huggingface_2025-03-21_9_0.jpg,Yes,VERIFIED,,VERIFIED,gemini_csv
583,2025-03-22,$46.45,TST* TWO HANDS - NASHVILL,,https://pub-35015e19c4b442b9af31f1dfd941f47f.r2.dev/receipts/tst_two_hands_nashvill_2025-03-22_46_45.jpg,Yes,VERIFIED,,VERIFIED,gemini_csv
587,2025-03-24,$21.95,CLAUDE.AI SUBSCRIPTION,,https://pub-35015e19c4b442b9af31f1dfd941f47f.r2.dev/receipts/claudeai_subscription_2025-03-24_21_95.jpg,Yes,VERIFIED,,VERIFIED,gemini_csv
588,2025-03-24,$26.65,DD *DOORDASH SHIPLEYDO,,https://pub-35015e19c4b442b9af31f1dfd941f47f.r2.dev/receipts/dd_doordash_shipleydo_2025-03-24_26_65.jpg,Yes,VERIFIED,,VERIFIED,gemini_csv
590,2025-03-25,$66.83,12 SOUTH TAPROOM &AMP; GRILL,,https://pub-35015e19c4b442b9af31f1dfd941f47f.r2.dev/receipts/12_south_taproom_amp_grill_2025-03-25_66_83.jpg,Yes,VERIFIED,,VERIFIED,gemini_csv
591,2025-03-25,$36.72,METROPOLIS PARKING,,https://pub-35015e19c4b442b9af31f1dfd941f47f.r2.dev/receipts/metropolis_parking_2025-03-25_36_72.jpg,Yes,VERIFIED,,VERIFIED,gemini_csv
592,2025-03-25,$48.00,OBSIDIAN.MD,,https://pub-35015e19c4b442b9af31f1dfd941f47f.r2.dev/receipts/obsidianmd_2025-03-25_48_0.jpg,Yes,VERIFIED,,VERIFIED,gemini_csv
593,2025-03-25,$30.73,PMC - PAID PARKING,,https://pub-35015e19c4b442b9af31f1dfd941f47f.r2.dev/receipts/pmc_paid_parking_2025-03-25_30_73.png,Yes,VERIFIED,,VERIFIED,gemini_csv
607,2025-04-02,$109.75,ANTHROPIC,,https://pub-35015e19c4b442b9af31f1dfd941f47f.r2.dev/receipts/anthropic_2025-04-02_109_75.jpg,Yes,VERIFIED,,VERIFIED,gemini_csv
608,2025-04-02,$27.44,ANTHROPIC,,https://pub-35015e19c4b442b9af31f1dfd941f47f.r2.dev/receipts/anthropic_2025-04-02_27_44.jpg,Yes,VERIFIED,,VERIFIED,gemini_csv
612,2025-04-04,$33.74,SH NASHVILLE - OTHER,,https://pub-35015e19c4b442b9af31f1dfd941f47f.r2.dev/receipts/sh_nashville_other_2025-04-04_33_74.PNG,Yes,VERIFIED,,VERIFIED,gemini_csv
621,2025-04-08,$10.00,CALENDARBRIDGE,,https://pub-35015e19c4b442b9af31f1dfd941f47f.r2.dev/receipts/calendarbridge_2025-04-08_10_0.jpg,Yes,VERIFIED,,VERIFIED,gemini_csv
622,2025-04-08,$13.13,SPOTIFY USA,,https://pub-35015e19c4b442b9af31f1dfd941f47f.r2.dev/receipts/spotify_usa_2025-04-08_13_13_3.jpg,Yes,VERIFIED,,VERIFIED,gemini_csv
623,2025-04-08,$92.19,TOPAZ LABS SOFTWARE,,https://pub-35015e19c4b442b9af31f1dfd941f47f.r2.dev/receipts/topaz_labs_software_2025-04-08_92_19.jpg,Yes,VERIFIED,,VERIFIED,gemini_csv
624,2025-04-10,$32.44,SH NASHVILLE - OTHER,,https://pub-35015e19c4b442b9af31f1dfd941f47f.r2.dev/receipts/sh_nashville_other_2025-04-10_32_44.PNG,Yes,VERIFIED,,VERIFIED,gemini_csv
627,2025-04-11,$21.00,METROPOLIS PARKING,,https://pub-35015e19c4b442b9af31f1dfd941f47f.r2.dev/receipts/metropolis_parking_2025-04-11_21_0.jpg,Yes,VERIFIED,,VERIFIED,gemini_csv
772,2025-08-08,$13.13,SPOTIFY USA,,https://pub-35015e19c4b442b9af31f1dfd941f47f.r2.dev/receipts/spotify_usa_2025-08-08_13_13_3.jpg,Yes,VERIFIED,,VERIFIED,gemini_csv
778,2025-08-16,$19.99,DAVINCI AI,,https://pub-35015e19c4b442b9af31f1dfd941f47f.r2.dev/receipts/davinci_ai_2025-08-16_19_99.jpg,Yes,VERIFIED,,VERIFIED,gemini_csv
780,2025-08-24,$21.95,CLAUDE.AI SUBSCRIPTION,,https://pub-35015e19c4b442b9af31f1dfd941f47f.r2.dev/receipts/claudeai_subscription_2025-08-24_21_95.jpg,Yes,VERIFIED,,VERIFIED,gemini_csv
782,2025-08-26,$9.00,HUGGINGFACE,,https://pub-35015e19c4b442b9af31f1dfd941f47f.r2.dev/receipts/huggingface_2025-08-26_9_0.jpg,Yes,VERIFIED,,VERIFIED,gemini_csv
784,2025-08-28,$20.00,IDEOGRAM AI,,https://pub-35015e19c4b442b9af31f1dfd941f47f.r2.dev/receipts/ideogram_ai_2025-08-28_20_0.jpg,Yes,VERIFIED,,VERIFIED,gemini_csv
785,2025-08-30,$5.00,EVERY STUDIO,,https://pub-35015e19c4b442b9af31f1dfd941f47f.r2.dev/receipts/every_studio_2025-08-30_5_0.jpg,Yes,VERIFIED,,VERIFIED,gemini_csv
786,2025-09-01,$19.76,EXPENSIFY INC.,,https://pub-35015e19c4b442b9af31f1dfd941f47f.r2.dev/receipts/expensify_inc_2025-09-01_19_76_3.jpg,Yes,VERIFIED,,VERIFIED,gemini_csv
804,2024-10-16,$26.22,PMC - PAID PARKING,,https://pub-35015e19c4b442b9af31f1dfd941f47f.r2.dev/receipts/pmc_paid_parking_2024-10-16_26_22.png,Yes,VERIFIED,,VERIFIED,"gemini_csv,targeted_csv"
806,2024-10-21,$50.00,IM-ADA.AI,,https://pub-35015e19c4b442b9af31f1dfd941f47f.r2.dev/receipts/im_adaai_2024-10-21_50_0.jpg,Yes,VERIFIED,,VERIFIED,gemini_csv
818,2024-10-16,$26.22,PMC - PAID PARKING,,https://pub-35015e19c4b442b9af31f1dfd941f47f.r2.dev/receipts/pmc_paid_parking_2024-10-16_26_22_2.png,Yes,VERIFIED,,VERIFIED,"gemini_csv,targeted_csv"
819,2024-10-21,$50.00,IM-ADA.AI,,https://pub-35015e19c4b442b9af31f1dfd941f47f.r2.dev/receipts/im_adaai_2024-10-21_50_0_2.jpg,Yes,VERIFIED,,VERIFIED,gemini_csv
827,2024-10-23,$6.73,Belcourt Luke II,,https://pub-35015e19c4b442b9af31f1dfd941f47f.r2.dev/receipts/belcourt_luke_ii_2024-10-23_6_73.jpg,Yes,VERIFIED,,VERIFIED,gemini_csv
