index,date,amount,merchant,description,receipt_url,has_receipt,gemini_verdict,llama_verdict,llava_verdict,final_status
12,2024-07-01,$140.00,CHARTMETRIC,,https://pub-35015e19c4b442b9af31f1dfd941f47f.r2.dev/receipts/chartmetric_2024-07-01_140_0.jpg,Yes,RATE_LIMITED,,VERIFIED,VERIFIED
13,2024-07-01,$19.76,EXPENSIFY INC.,,https://pub-35015e19c4b442b9af31f1dfd941f47f.r2.dev/receipts/expensify_inc_2024-07-01_19_76_3.jpg,Yes,RATE_LIMITED,,MISMATCH,MISMATCH
14,2024-07-01,$189.50,LULUS LANDING INC,,https://pub-35015e19c4b442b9af31f1dfd941f47f.r2.dev/receipts/lulus_landing_inc_2024-07-01_189_5.jpg,Yes,RATE_LIMITED,,VERIFIED,VERIFIED
15,2024-07-01,$20.66,TST* PYRAMIDS CAFE - AIRP,,https://pub-35015e19c4b442b9af31f1dfd941f47f.r2.dev/receipts/tst_pyramids_cafe_airp_2024-07-01_20_66_3.jpg,Yes,RATE_LIMITED,,MISMATCH,VERIFIED
16,2024-07-01,$81.66,UBER TRIP,,https://pub-35015e19c4b442b9af31f1dfd941f47f.r2.dev/receipts/uber_trip_2024-07-01_81_66.png,Yes,RATE_LIMITED,,MISMATCH,MISMATCH
17,2024-07-02,$103.99,LYFT *RIDE TUE 4AM,,https://pub-35015e19c4b442b9af31f1dfd941f47f.r2.dev/receipts/lyft_ride_tue_4am_2024-07-02_103_99.jpg,Yes,RATE_LIMITED,,VERIFIED,VERIFIED
18,2024-07-02,$24.56,SLIM &AMP; HUSKIES,,https://pub-35015e19c4b442b9af31f1dfd941f47f.r2.dev/receipts/slim_amp_huskies_2024-07-02_24_56.jpg,Yes,RATE_LIMITED,,MISMATCH,VERIFIED
19,2024-07-02,$39.56,UBER TRIP,,https://pub-35015e19c4b442b9af31f1dfd941f47f.r2.dev/receipts/uber_trip_2024-07-02_39_56_3.jpg,Yes,RATE_LIMITED,,VERIFIED,VERIFIED
22,2024-07-05,$21.94,APPLE.COM/BILL,,https://pub-35015e19c4b442b9af31f1dfd941f47f.r2.dev/receipts/applecombill_2024-07-05_21_94_3.jpg,Yes,RATE_LIMITED,,VERIFIED,VERIFIED
24,2024-07-06,$82.32,DISCO,,https://pub-35015e19c4b442b9af31f1dfd941f47f.r2.dev/receipts/Screenshot 2025-11-20 at 10.55.22 PM.png,Yes,UNCLEAR,,ERROR,UNVERIFIED
25,2024-07-08,$10.00,CALENDARBRIDGE,,https://pub-35015e19c4b442b9af31f1dfd941f47f.r2.dev/receipts/calendarbridge_2024-07-08_10_0.jpg,Yes,RATE_LIMITED,,VERIFIED,VERIFIED
26,2024-07-08,$13.13,SPOTIFY USA,,https://pub-35015e19c4b442b9af31f1dfd941f47f.r2.dev/receipts/spotify_usa_2024-07-08_13_13_3.jpg,Yes,RATE_LIMITED,,MISMATCH,MISMATCH
27,2024-07-10,$10.98,MIDJOURNEY INC.,,https://pub-35015e19c4b442b9af31f1dfd941f47f.r2.dev/receipts/midjourney_inc_2024-07-10_10_98_3.jpg,Yes,RATE_LIMITED,,VERIFIED,VERIFIED
29,2024-07-14,$5.00,CLOUDFLARE,,https://pub-35015e19c4b442b9af31f1dfd941f47f.r2.dev/receipts/cloudflare_2024-07-14_5_0.jpg,Yes,RATE_LIMITED,,MISMATCH,MISMATCH
31,2024-07-14,$168.87,TST* IL FORNO PIZZERIA,,https://pub-35015e19c4b442b9af31f1dfd941f47f.r2.dev/receipts/tst_il_forno_pizzeria_2024-07-14_168_87_3.jpg,Yes,RATE_LIMITED,,VERIFIED,VERIFIED
32,2024-07-15,$12.62,CLEAR *CLEARME.COM,,https://pub-35015e19c4b442b9af31f1dfd941f47f.r2.dev/receipts/clear_clearmecom_2024-07-15_12_62.png,Yes,RATE_LIMITED,,MISMATCH,MISMATCH
35,2024-07-17,$17.55,APPLE.COM/BILL,,https://pub-35015e19c4b442b9af31f1dfd941f47f.r2.dev/receipts/applecombill_2024-07-17_17_55_3.jpg,Yes,RATE_LIMITED,,VERIFIED,VERIFIED
37,2024-07-17,$94.22,DD *DOORDASH KALAMATAS,,https://pub-35015e19c4b442b9af31f1dfd941f47f.r2.dev/receipts/dd_doordash_kalamatas_2024-07-17_94_22.jpg,Yes,RATE_LIMITED,,VERIFIED,VERIFIED
38,2024-07-17,$5.00,LAZ PARKING M32810,,https://pub-35015e19c4b442b9af31f1dfd941f47f.r2.dev/receipts/laz_parking_m32810_2024-07-17_5_0.jpg,Yes,RATE_LIMITED,,MISMATCH,VERIFIED
39,2024-07-17,$11.32,METROPOLIS PARKING,,https://pub-35015e19c4b442b9af31f1dfd941f47f.r2.dev/receipts/metropolis_parking_2024-07-17_11_32_3.jpg,Yes,RATE_LIMITED,,VERIFIED,VERIFIED
40,2024-07-17,$4.49,METROPOLIS PARKING,,https://pub-35015e19c4b442b9af31f1dfd941f47f.r2.dev/receipts/metropolis_parking_2024-07-17_4_49_3.jpg,Yes,RATE_LIMITED,,VERIFIED,VERIFIED
41,2024-07-17,$7.55,METROPOLIS PARKING,,https://pub-35015e19c4b442b9af31f1dfd941f47f.r2.dev/receipts/metropolis_parking_2024-07-17_7_55.jpg,Yes,RATE_LIMITED,,VERIFIED,VERIFIED
42,2024-07-19,$1487.80,AUDREY - SEAN BROCK GROU,,https://pub-35015e19c4b442b9af31f1dfd941f47f.r2.dev/receipts/audrey_sean_brock_grou_2024-07-19_1487_8.jpg,Yes,RATE_LIMITED,MISMATCH,,MISMATCH
44,2024-07-22,$54.86,APPLE.COM/BILL,,https://pub-35015e19c4b442b9af31f1dfd941f47f.r2.dev/receipts/applecombill_2024-07-22_54_86.jpg,Yes,RATE_LIMITED,ERROR,MISMATCH,VERIFIED
46,2024-07-22,$8.15,PARK HAPPY LLC,,https://pub-35015e19c4b442b9af31f1dfd941f47f.r2.dev/receipts/Screenshot 2025-11-21 at 3.00.52 AM.png,Yes,UNCLEAR,,ERROR,UNVERIFIED
48,2024-07-24,$21.95,CLAUDE.AI SUBSCRIPTION,,https://pub-35015e19c4b442b9af31f1dfd941f47f.r2.dev/receipts/claudeai_subscription_2024-07-24_21_95.jpg,Yes,RATE_LIMITED,VERIFIED,,VERIFIED
49,2024-07-25,$43.60,CHAR GREEN HILLS,,https://pub-35015e19c4b442b9af31f1dfd941f47f.r2.dev/receipts/char_green_hills_2024-07-25_43_6.jpg,Yes,RATE_LIMITED,,MISMATCH,VERIFIED
50,2024-07-25,$8.85,PARK HAPPY LLC,,https://pub-35015e19c4b442b9af31f1dfd941f47f.r2.dev/receipts/park_happy_llc_2024-07-25_8_85.jpg,Yes,RATE_LIMITED,VERIFIED,,VERIFIED
51,2024-07-25,$9.29,PMC - PAID PARKING,,https://pub-35015e19c4b442b9af31f1dfd941f47f.r2.dev/receipts/pmc_paid_parking_2024-07-25_9_29.jpg,Yes,RATE_LIMITED,VERIFIED,,VERIFIED
52,2024-07-25,$50.00,ROSTR PRO,,https://pub-35015e19c4b442b9af31f1dfd941f47f.r2.dev/receipts/rostr_pro_2024-07-25_50_0.jpeg,Yes,RATE_LIMITED,VERIFIED,,VERIFIED
53,2024-07-26,$19.99,IMDBPRO,,https://pub-35015e19c4b442b9af31f1dfd941f47f.r2.dev/receipts/imdbpro_2024-07-26_19_99.jpg,Yes,RATE_LIMITED,VERIFIED,,VERIFIED
54,2024-07-26,$8.85,PARK HAPPY LLC,,https://pub-35015e19c4b442b9af31f1dfd941f47f.r2.dev/receipts/park_happy_llc_2024-07-26_8_85.jpg,Yes,RATE_LIMITED,VERIFIED,,VERIFIED
55,2024-07-26,$9.05,SH NASHVILLE - OTHER,,https://pub-35015e19c4b442b9af31f1dfd941f47f.r2.dev/receipts/sh_nashville_other_2024-07-26_9_05.jpg,Yes,RATE_LIMITED,VERIFIED,,VERIFIED
56,2024-07-27,$40.33,APPLE.COM/BILL,,https://pub-35015e19c4b442b9af31f1dfd941f47f.r2.dev/receipts/applecombill_2024-07-27_40_33.jpg,Yes,RATE_LIMITED,,VERIFIED,VERIFIED
57,2024-07-28,$11.00,CARTA NORTH GARAGE,,https://pub-35015e19c4b442b9af31f1dfd941f47f.r2.dev/receipts/carta_north_garage_2024-07-28_11_00.jpg,Yes,RATE_LIMITED,VERIFIED,,VERIFIED
58,2024-07-29,$8.00,PARKING MANAGEMENT CO.,,https://pub-35015e19c4b442b9af31f1dfd941f47f.r2.dev/receipts/parking_management_co_2024-07-29_8_0.jpg,Yes,RATE_LIMITED,VERIFIED,,VERIFIED
59,2024-07-30,$15.99,METROPOLIS PARKING,,https://pub-35015e19c4b442b9af31f1dfd941f47f.r2.dev/receipts/metropolis_parking_2024-07-30_15_99_3.jpg,Yes,RATE_LIMITED,VERIFIED,,VERIFIED
60,2024-07-30,$24.91,SH NASHVILLE - OTHER,,https://pub-35015e19c4b442b9af31f1dfd941f47f.r2.dev/receipts/sh_nashville_other_2024-07-30_24_91.jpg,Yes,RATE_LIMITED,VERIFIED,,VERIFIED
61,2024-07-31,$23.14,APPLE.COM/BILL,,https://pub-35015e19c4b442b9af31f1dfd941f47f.r2.dev/receipts/applecombill_2024-07-31_23_14_3.png,Yes,RATE_LIMITED,VERIFIED,,VERIFIED
62,2024-08-01,$19.76,EXPENSIFY INC.,,https://pub-35015e19c4b442b9af31f1dfd941f47f.r2.dev/receipts/expensify_inc_2024-08-01_19_76_3.jpg,Yes,RATE_LIMITED,VERIFIED,,VERIFIED
63,2024-08-01,$15.99,METROPOLIS PARKING,,https://pub-35015e19c4b442b9af31f1dfd941f47f.r2.dev/receipts/metropolis_parking_2024-08-01_15_99_3.jpg,Yes,RATE_LIMITED,VERIFIED,,VERIFIED
64,2024-08-01,$22.28,SH NASHVILLE F&AMP;B,,https://pub-35015e19c4b442b9af31f1dfd941f47f.r2.dev/receipts/sh_nashville_fampb_2024-08-01_22_28.jpg,Yes,RATE_LIMITED,VERIFIED,,VERIFIED
66,2024-08-02,$39.52,TST*NADEENS HERMITAGE HA,,https://pub-35015e19c4b442b9af31f1dfd941f47f.r2.dev/receipts/tstnadeens_hermitage_ha_2024-08-02_39_52.jpg,Yes,RATE_LIMITED,,VERIFIED,VERIFIED
68,2024-08-03,$251.33,APPLE.COM/BILL,,https://pub-35015e19c4b442b9af31f1dfd941f47f.r2.dev/receipts/applecombill_2024-08-03_251_33_3.jpg,Yes,RATE_LIMITED,,VERIFIED,VERIFIED
70,2024-08-05,$21.00,METROPOLIS PARKING,,https://pub-35015e19c4b442b9af31f1dfd941f47f.r2.dev/receipts/metropolis_parking_2024-08-05_21_0.jpg,Yes,RATE_LIMITED,VERIFIED,,VERIFIED
71,2024-08-05,$9.05,SH NASHVILLE - OTHER,,https://pub-35015e19c4b442b9af31f1dfd941f47f.r2.dev/receipts/sh_nashville_other_2024-08-05_9_05.png,Yes,RATE_LIMITED,VERIFIED,,VERIFIED
72,2024-08-05,$38.78,SH NASHVILLE - OTHER,,https://pub-35015e19c4b442b9af31f1dfd941f47f.r2.dev/receipts/sh_nashville_other_2024-08-05_38_78.jpg,Yes,RATE_LIMITED,VERIFIED,,VERIFIED
73,2024-08-05,$58.16,SH NASHVILLE - OTHER,,https://pub-35015e19c4b442b9af31f1dfd941f47f.r2.dev/receipts/sh_nashville_other_2024-08-05_58_16.jpg,Yes,RATE_LIMITED,VERIFIED,,VERIFIED
74,2024-08-05,$53.98,SH NASHVILLE F&AMP;B,,https://pub-35015e19c4b442b9af31f1dfd941f47f.r2.dev/receipts/sh_nashville_fampb_2024-08-05_53_98.jpg,Yes,RATE_LIMITED,VERIFIED,,VERIFIED
75,2024-08-06,$82.32,DISCO,,https://pub-35015e19c4b442b9af31f1dfd941f47f.r2.dev/receipts/Screenshot 2025-11-20 at 10.56.42 PM.png,Yes,UNCLEAR,,ERROR,UNVERIFIED
76,2024-08-06,$18.10,SH NASHVILLE - OTHER,,https://pub-35015e19c4b442b9af31f1dfd941f47f.r2.dev/receipts/sh_nashville_other_2024-08-06_18_1.jpg,Yes,RATE_LIMITED,MISMATCH,,MISMATCH
77,2024-08-06,$84.20,TST*HOMEGROWN TAPROOM &AMP;,,https://pub-35015e19c4b442b9af31f1dfd941f47f.r2.dev/receipts/tsthomegrown_taproom_amp_2024-08-06_84_2.jpg,Yes,RATE_LIMITED,MISMATCH,,MISMATCH
78,2024-08-08,$10.00,CALENDARBRIDGE,,https://pub-35015e19c4b442b9af31f1dfd941f47f.r2.dev/receipts/calendarbridge_2024-08-08_10_0.jpg,Yes,RATE_LIMITED,VERIFIED,,VERIFIED
79,2024-08-08,$38.03,PMC - PAID PARKING,,https://pub-35015e19c4b442b9af31f1dfd941f47f.r2.dev/receipts/pmc_paid_parking_2024-08-08_38_03_3.jpg,Yes,RATE_LIMITED,VERIFIED,,VERIFIED
80,2024-08-08,$13.13,SPOTIFY USA,,https://pub-35015e19c4b442b9af31f1dfd941f47f.r2.dev/receipts/spotify_usa_2024-08-08_13_13_3.jpg,Yes,RATE_LIMITED,VERIFIED,,VERIFIED
81,2024-08-09,$163.77,TST*GREEN HILLS GRILLE,,https://pub-35015e19c4b442b9af31f1dfd941f47f.r2.dev/receipts/tstgreen_hills_grille_2024-08-09_163_77_3.png,Yes,RATE_LIMITED,VERIFIED,,VERIFIED
82,2024-08-10,$17.52,APPLE.COM/BILL,,https://pub-35015e19c4b442b9af31f1dfd941f47f.r2.dev/receipts/applecombill_2024-08-10_17_52.jpg,Yes,RATE_LIMITED,VERIFIED,,VERIFIED
83,2024-08-10,$119.34,DD *DOORDASH EDLEYSBAR,,https://pub-35015e19c4b442b9af31f1dfd941f47f.r2.dev/receipts/dd_doordash_edleysbar_2024-08-10_119_34_3.jpg,Yes,RATE_LIMITED,VERIFIED,,VERIFIED
84,2024-08-10,$94.10,DD *DOORDASH JIMNNICKS,,https://pub-35015e19c4b442b9af31f1dfd941f47f.r2.dev/receipts/dd_doordash_jimnnicks_2024-08-10_94_1.jpg,Yes,RATE_LIMITED,ERROR,VERIFIED,VERIFIED
85,2024-08-10,$10.98,MIDJOURNEY INC.,,https://pub-35015e19c4b442b9af31f1dfd941f47f.r2.dev/receipts/midjourney_inc_2024-08-10_10_98_3.jpg,Yes,RATE_LIMITED,VERIFIED,,VERIFIED
86,2024-08-11,$17.55,APPLE.COM/BILL,,https://pub-35015e19c4b442b9af31f1dfd941f47f.r2.dev/receipts/applecombill_2024-08-11_17_55_3.jpg,Yes,RATE_LIMITED,VERIFIED,,VERIFIED
87,2024-08-11,$288.00,SUNO INC.,,https://pub-35015e19c4b442b9af31f1dfd941f47f.r2.dev/receipts/suno_inc_2024-08-11_288_0.jpg,Yes,RATE_LIMITED,VERIFIED,,VERIFIED
89,2024-08-13,$58.21,O-KU NASHVILLE,,https://pub-35015e19c4b442b9af31f1dfd941f47f.r2.dev/receipts/o_ku_nashville_2024-08-13_58_21.jpeg,Yes,RATE_LIMITED,MISMATCH,,MISMATCH
90,2024-08-13,$44.32,OPTIMIST NASHVILLE,,https://pub-35015e19c4b442b9af31f1dfd941f47f.r2.dev/receipts/optimist_nashville_2024-08-13_44_32_3.jpg,Yes,RATE_LIMITED,MISMATCH,,MISMATCH
91,2024-08-13,$896.44,OPTIMIST NASHVILLE,,https://pub-35015e19c4b442b9af31f1dfd941f47f.r2.dev/receipts/optimist_nashville_2024-08-13_896_44_3.jpg,Yes,RATE_LIMITED,MISMATCH,,MISMATCH
92,2024-08-14,$5.00,CLOUDFLARE,,https://pub-35015e19c4b442b9af31f1dfd941f47f.r2.dev/receipts/cloudflare_2024-08-14_5_0.jpg,Yes,RATE_LIMITED,VERIFIED,,VERIFIED
93,2024-08-14,$15.38,MAFIAOZAS,,https://pub-35015e19c4b442b9af31f1dfd941f47f.r2.dev/receipts/mafiaozas_2024-08-14_15_38_3.jpg,Yes,RATE_LIMITED,MISMATCH,,MISMATCH
94,2024-08-14,$10.99,METROPOLIS PARKING,,https://pub-35015e19c4b442b9af31f1dfd941f47f.r2.dev/receipts/metropolis_parking_2024-08-14_10_99_3.jpg,Yes,RATE_LIMITED,MISMATCH,,MISMATCH
95,2024-08-14,$8.85,PARK HAPPY LLC,,https://pub-35015e19c4b442b9af31f1dfd941f47f.r2.dev/receipts/park_happy_llc_2024-08-14_8_85.jpg,Yes,RATE_LIMITED,VERIFIED,,VERIFIED
97,2024-08-14,$27.14,SH NASHVILLE - OTHER,,https://pub-35015e19c4b442b9af31f1dfd941f47f.r2.dev/receipts/sh_nashville_other_2024-08-14_27_14.jpg,Yes,RATE_LIMITED,MISMATCH,,MISMATCH
98,2024-08-15,$76.81,APPLE.COM/BILL,,https://pub-35015e19c4b442b9af31f1dfd941f47f.r2.dev/receipts/applecombill_2024-08-15_76_81_3.jpg,Yes,RATE_LIMITED,VERIFIED,,VERIFIED
99,2024-08-15,$8.85,PARK HAPPY LLC,,https://pub-35015e19c4b442b9af31f1dfd941f47f.r2.dev/receipts/park_happy_llc_2024-08-15_8_85.jpg,Yes,RATE_LIMITED,VERIFIED,,VERIFIED
100,2024-08-15,$74.97,SH NASHVILLE - OTHER,,https://pub-35015e19c4b442b9af31f1dfd941f47f.r2.dev/receipts/sh_nashville_other_2024-08-15_74_97.jpg,Yes,RATE_LIMITED,VERIFIED,,VERIFIED
104,2024-08-17,$42.00,METROPOLIS PARKING,,https://pub-35015e19c4b442b9af31f1dfd941f47f.r2.dev/receipts/metropolis_parking_2024-08-17_42_0.jpg,Yes,RATE_LIMITED,VERIFIED,,VERIFIED
105,2024-08-17,$623.10,TM *PBR TEAMS,,https://pub-35015e19c4b442b9af31f1dfd941f47f.r2.dev/receipts/tm_pbr_teams_2024-08-17_623_1.jpg,Yes,RATE_LIMITED,MISMATCH,,MISMATCH
106,2024-08-18,$31.50,METROPOLIS PARKING,,https://pub-35015e19c4b442b9af31f1dfd941f47f.r2.dev/receipts/metropolis_parking_2024-08-18_31_5.jpg,Yes,RATE_LIMITED,VERIFIED,,VERIFIED
107,2024-08-18,$78.00,TST*LOSERS - DOWNTOWN,,https://pub-35015e19c4b442b9af31f1dfd941f47f.r2.dev/receipts/tstlosers_downtown_2024-08-18_78_0.jpg,Yes,RATE_LIMITED,VERIFIED,,VERIFIED
109,2024-08-19,$51.70,SH NASHVILLE - OTHER,,https://pub-35015e19c4b442b9af31f1dfd941f47f.r2.dev/receipts/sh_nashville_other_2024-08-19_51_7.jpg,Yes,RATE_LIMITED,VERIFIED,,VERIFIED
110,2024-08-19,$47.82,SH NASHVILLE - OTHER,,https://pub-35015e19c4b442b9af31f1dfd941f47f.r2.dev/receipts/sh_nashville_other_2024-08-19_47_82.jpg,Yes,RATE_LIMITED,VERIFIED,,VERIFIED
111,2024-08-19,$31.02,SH NASHVILLE - OTHER,,https://pub-35015e19c4b442b9af31f1dfd941f47f.r2.dev/receipts/sh_nashville_other_2024-08-19_31_02.PNG,Yes,RATE_LIMITED,VERIFIED,,VERIFIED
112,2024-08-20,$27.42,METROPOLIS PARKING,,https://pub-35015e19c4b442b9af31f1dfd941f47f.r2.dev/receipts/metropolis_parking_2024-08-20_27_42_3.jpg,Yes,RATE_LIMITED,MISMATCH,,MISMATCH
113,2024-08-20,$10.26,PARK HAPPY LLC,,https://pub-35015e19c4b442b9af31f1dfd941f47f.r2.dev/receipts/park_happy_llc_2024-08-20_10_26.jpg,Yes,RATE_LIMITED,VERIFIED,,VERIFIED
114,2024-08-20,$23.21,PMC - PAID PARKING,,https://pub-35015e19c4b442b9af31f1dfd941f47f.r2.dev/receipts/pmc_paid_parking_2024-08-20_23_21_3.jpg,Yes,RATE_LIMITED,VERIFIED,,VERIFIED
115,2024-08-20,$28.39,TST*PANCHO AND LEFTYS CA,,https://pub-35015e19c4b442b9af31f1dfd941f47f.r2.dev/receipts/tstpancho_and_leftys_ca_2024-08-20_28_39_3.jpg,Yes,RATE_LIMITED,VERIFIED,,VERIFIED
117,2024-08-21,$38.03,PMC - PAID PARKING,,https://pub-35015e19c4b442b9af31f1dfd941f47f.r2.dev/receipts/pmc_paid_parking_2024-08-21_38_03_3.jpg,Yes,RATE_LIMITED,VERIFIED,,VERIFIED
120,2024-08-22,$174.56,LINKEDIN JOB 9849229796,,https://pub-35015e19c4b442b9af31f1dfd941f47f.r2.dev/receipts/linkedin_job_9849229796_2024-08-22_174_56.jpg,Yes,RATE_LIMITED,VERIFIED,,VERIFIED
121,2024-08-22,$22.51,PMC - PAID PARKING,,https://pub-35015e19c4b442b9af31f1dfd941f47f.r2.dev/receipts/pmc_paid_parking_2024-08-22_22_51_3.jpg,Yes,RATE_LIMITED,MISMATCH,,MISMATCH
122,2024-08-22,$29.28,PMC - PAID PARKING,,https://pub-35015e19c4b442b9af31f1dfd941f47f.r2.dev/receipts/pmc_paid_parking_2024-08-22_29_28_3.jpg,Yes,RATE_LIMITED,VERIFIED,,VERIFIED
124,2024-08-23,$79.64,CORNER PUB,,https://pub-35015e19c4b442b9af31f1dfd941f47f.r2.dev/receipts/corner_pub_2024-08-23_79_64_3.jpg,Yes,RATE_LIMITED,MISMATCH,,MISMATCH
125,2024-08-23,$10.99,METROPOLIS PARKING,,https://pub-35015e19c4b442b9af31f1dfd941f47f.r2.dev/receipts/metropolis_parking_2024-08-23_10_99_3.jpg,Yes,RATE_LIMITED,VERIFIED,,VERIFIED
129,2024-08-23,$9.05,SH NASHVILLE - OTHER,,https://pub-35015e19c4b442b9af31f1dfd941f47f.r2.dev/receipts/sh_nashville_other_2024-08-23_9_05.png,Yes,RATE_LIMITED,VERIFIED,,VERIFIED
134,2024-08-24,$21.95,CLAUDE.AI SUBSCRIPTION,,https://pub-35015e19c4b442b9af31f1dfd941f47f.r2.dev/receipts/claudeai_subscription_2024-08-24_21_95.jpg,Yes,RATE_LIMITED,VERIFIED,,VERIFIED
135,2024-08-24,$7.63,PARK HAPPY LLC,,https://pub-35015e19c4b442b9af31f1dfd941f47f.r2.dev/receipts/Screenshot 2025-11-21 at 3.02.18 AM.png,Yes,UNCLEAR,,ERROR,UNVERIFIED
136,2024-08-25,$50.00,ROSTR PRO,,https://pub-35015e19c4b442b9af31f1dfd941f47f.r2.dev/receipts/rostr_pro_2024-08-25_50_0.jpg,Yes,RATE_LIMITED,VERIFIED,,VERIFIED
138,2024-08-26,$19.99,IMDBPRO,,https://pub-35015e19c4b442b9af31f1dfd941f47f.r2.dev/receipts/imdbpro_2024-08-26_19_99.jpg,Yes,RATE_LIMITED,VERIFIED,,VERIFIED
139,2024-08-26,$23.21,PMC - PAID PARKING,,https://pub-35015e19c4b442b9af31f1dfd941f47f.r2.dev/receipts/pmc_paid_parking_2024-08-26_23_21_3.jpg,Yes,RATE_LIMITED,VERIFIED,,VERIFIED
140,2024-08-26,$24.91,SH NASHVILLE F&AMP;B,,https://pub-35015e19c4b442b9af31f1dfd941f47f.r2.dev/receipts/sh_nashville_fampb_2024-08-26_24_91.jpg,Yes,RATE_LIMITED,VERIFIED,,VERIFIED
141,2024-08-27,$40.33,APPLE.COM/BILL,,https://pub-35015e19c4b442b9af31f1dfd941f47f.r2.dev/receipts/applecombill_2024-08-27_40_33.jpg,Yes,RATE_LIMITED,VERIFIED,,VERIFIED
143,2024-08-27,$418.98,SOUTHWES 5262554636372,,https://pub-35015e19c4b442b9af31f1dfd941f47f.r2.dev/receipts/southwes_5262554636372_2024-08-27_418_98.jpg,Yes,RATE_LIMITED,VERIFIED,,VERIFIED
151,2024-08-28,$26.22,PMC - PAID PARKING,,https://pub-35015e19c4b442b9af31f1dfd941f47f.r2.dev/receipts/pmc_paid_parking_2024-08-28_26_22.jpg,Yes,RATE_LIMITED,MISMATCH,,MISMATCH
152,2024-08-28,$18.10,SH NASHVILLE - OTHER,,https://pub-35015e19c4b442b9af31f1dfd941f47f.r2.dev/receipts/sh_nashville_other_2024-08-28_18_1.jpg,Yes,RATE_LIMITED,VERIFIED,,VERIFIED
154,2024-08-29,$67.81,CHAR GREEN HILLS,,https://pub-35015e19c4b442b9af31f1dfd941f47f.r2.dev/receipts/char_green_hills_2024-08-29_67_81_3.jpg,Yes,RATE_LIMITED,,MISMATCH,MISMATCH
155,2024-08-29,$9.29,PMC - PAID PARKING,,https://pub-35015e19c4b442b9af31f1dfd941f47f.r2.dev/receipts/pmc_paid_parking_2024-08-29_9_29.jpg,Yes,RATE_LIMITED,,VERIFIED,VERIFIED
156,2024-08-30,$84.47,CHUY'S 110,,https://pub-35015e19c4b442b9af31f1dfd941f47f.r2.dev/receipts/chuys_110_2024-08-30_84_47.jpg,Yes,RATE_LIMITED,VERIFIED,,VERIFIED
157,2024-08-30,$16.99,METROPOLIS PARKING,,https://pub-35015e19c4b442b9af31f1dfd941f47f.r2.dev/receipts/metropolis_parking_2024-08-30_16_99.jpg,Yes,RATE_LIMITED,VERIFIED,,VERIFIED
158,2024-08-30,$32.93,MIDJOURNEY INC.,,https://pub-35015e19c4b442b9af31f1dfd941f47f.r2.dev/receipts/midjourney_inc_2024-08-30_32_93.jpg,Yes,RATE_LIMITED,VERIFIED,,VERIFIED
159,2024-08-31,$23.14,APPLE.COM/BILL,,https://pub-35015e19c4b442b9af31f1dfd941f47f.r2.dev/receipts/applecombill_2024-08-31_23_14_3.jpg,Yes,RATE_LIMITED,MISMATCH,,MISMATCH
160,2024-09-01,$19.76,EXPENSIFY INC.,,https://pub-35015e19c4b442b9af31f1dfd941f47f.r2.dev/receipts/expensify_inc_2024-09-01_19_76_3.jpeg,Yes,RATE_LIMITED,VERIFIED,,VERIFIED
163,2024-09-03,$17.88,METROPOLIS PARKING,,https://pub-35015e19c4b442b9af31f1dfd941f47f.r2.dev/receipts/metropolis_parking_2024-09-03_17_88.jpg,Yes,RATE_LIMITED,VERIFIED,,VERIFIED
164,2024-09-03,$24.17,SQ *HIGH POINT COFFEE TN,,https://pub-35015e19c4b442b9af31f1dfd941f47f.r2.dev/receipts/sq_high_point_coffee_tn_2024-09-03_24_17.png,Yes,RATE_LIMITED,VERIFIED,,VERIFIED
165,2024-09-04,$59.16,12 SOUTH TAPROOM &AMP; GRILL,,https://pub-35015e19c4b442b9af31f1dfd941f47f.r2.dev/receipts/12_south_taproom_amp_grill_2024-09-04_59_16.jpg,Yes,RATE_LIMITED,MISMATCH,,MISMATCH
166,2024-09-04,$39.78,CORNER PUB,,https://pub-35015e19c4b442b9af31f1dfd941f47f.r2.dev/receipts/corner_pub_2024-09-04_39_78_3.jpg,Yes,RATE_LIMITED,MISMATCH,,MISMATCH
167,2024-09-04,$45.15,CORNER PUB,,https://pub-35015e19c4b442b9af31f1dfd941f47f.r2.dev/receipts/corner_pub_2024-09-04_45_15.jpg,Yes,RATE_LIMITED,,MISMATCH,MISMATCH
168,2024-09-04,$24.59,PMC - PAID PARKING,,https://pub-35015e19c4b442b9af31f1dfd941f47f.r2.dev/receipts/pmc_paid_parking_2024-09-04_24_59.png,Yes,RATE_LIMITED,MISMATCH,,MISMATCH
169,2024-09-04,$5.46,SQ *WELL COFFEEHOUSE BREN,,https://pub-35015e19c4b442b9af31f1dfd941f47f.r2.dev/receipts/sq_well_coffeehouse_bren_2024-09-04_5_46_3.jpg,Yes,RATE_LIMITED,VERIFIED,,VERIFIED
170,2024-09-05,$21.00,METROPOLIS PARKING,,https://pub-35015e19c4b442b9af31f1dfd941f47f.r2.dev/receipts/metropolis_parking_2024-09-05_21_0.jpg,Yes,RATE_LIMITED,VERIFIED,,VERIFIED
171,2024-09-05,$10.99,METROPOLIS PARKING,,https://pub-35015e19c4b442b9af31f1dfd941f47f.r2.dev/receipts/metropolis_parking_2024-09-05_10_99.jpg,Yes,RATE_LIMITED,VERIFIED,,VERIFIED
172,2024-09-05,$100.82,SH NASHVILLE - OTHER,,https://pub-35015e19c4b442b9af31f1dfd941f47f.r2.dev/receipts/sh_nashville_other_2024-09-05_100_82.jpg,Yes,RATE_LIMITED,VERIFIED,,VERIFIED
174,2024-09-06,$10.96,APPLE.COM/BILL,,https://pub-35015e19c4b442b9af31f1dfd941f47f.r2.dev/receipts/applecombill_2024-09-06_10_96_3.jpg,Yes,RATE_LIMITED,VERIFIED,,VERIFIED
177,2024-09-06,$40.07,SH NASHVILLE - OTHER,,https://pub-35015e19c4b442b9af31f1dfd941f47f.r2.dev/receipts/sh_nashville_other_2024-09-06_40_07.jpg,Yes,RATE_LIMITED,VERIFIED,,VERIFIED
178,2024-09-06,$24.56,SH NASHVILLE - OTHER,,https://pub-35015e19c4b442b9af31f1dfd941f47f.r2.dev/receipts/sh_nashville_other_2024-09-06_24_56.jpg,Yes,RATE_LIMITED,VERIFIED,,VERIFIED
180,2024-09-07,$10.96,APPLE.COM/BILL,,https://pub-35015e19c4b442b9af31f1dfd941f47f.r2.dev/receipts/applecombill_2024-09-07_10_96_3.jpg,Yes,RATE_LIMITED,,MISMATCH,MISMATCH
181,2024-09-07,$100.57,GOLDEN NUGGET HOTEL LV,,https://pub-35015e19c4b442b9af31f1dfd941f47f.r2.dev/receipts/golden_nugget_hotel_lv_2024-09-07_100_57.jpg,Yes,RATE_LIMITED,VERIFIED,,VERIFIED
182,2024-09-07,$26.25,METROPOLIS PARKING,,https://pub-35015e19c4b442b9af31f1dfd941f47f.r2.dev/receipts/metropolis_parking_2024-09-07_26_25_3.jpg,Yes,RATE_LIMITED,MISMATCH,,MISMATCH
186,2024-09-08,$10.00,CALENDARBRIDGE,,https://pub-35015e19c4b442b9af31f1dfd941f47f.r2.dev/receipts/calendarbridge_2024-09-08_10_0.jpg,Yes,RATE_LIMITED,VERIFIED,,VERIFIED
187,2024-09-08,$318.00,CLEAR *CLEARME.COM,,https://pub-35015e19c4b442b9af31f1dfd941f47f.r2.dev/receipts/clear_clearmecom_2024-09-08_318_0.png,Yes,RATE_LIMITED,MISMATCH,,MISMATCH
190,2024-09-08,$13.13,SPOTIFY USA,,https://pub-35015e19c4b442b9af31f1dfd941f47f.r2.dev/receipts/spotify_usa_2024-09-08_13_13_3.jpg,Yes,RATE_LIMITED,ERROR,MISMATCH,VERIFIED
191,2024-09-09,$93.26,APPLE.COM/BILL,,https://pub-35015e19c4b442b9af31f1dfd941f47f.r2.dev/receipts/applecombill_2024-09-09_93_26_3.jpg,Yes,RATE_LIMITED,VERIFIED,,VERIFIED
192,2024-09-09,$7.55,METROPOLIS PARKING,,https://pub-35015e19c4b442b9af31f1dfd941f47f.r2.dev/receipts/metropolis_parking_2024-09-09_7_55.jpg,Yes,RATE_LIMITED,VERIFIED,,VERIFIED
198,2024-09-10,$43.50,BINION'S BARS,,https://pub-35015e19c4b442b9af31f1dfd941f47f.r2.dev/receipts/binions_bars_2024-09-10_43_5.jpg,Yes,RATE_LIMITED,MISMATCH,,MISMATCH
199,2024-09-10,$69.90,DEL FRISCOS GRILL NASHVL,,https://pub-35015e19c4b442b9af31f1dfd941f47f.r2.dev/receipts/missing_receipt_downhome_09-10-2024_697d5c71.jpg,Yes,RATE_LIMITED,VERIFIED,,VERIFIED
201,2024-09-11,$86.62,CADILLAC BAR LAS VEGAS,,https://pub-35015e19c4b442b9af31f1dfd941f47f.r2.dev/receipts/cadillac_bar_las_vegas_2024-09-11_86_62_3.jpg,Yes,RATE_LIMITED,VERIFIED,,VERIFIED
204,2024-09-11,$40.00,SWA*UPGBOARD5264253430990,,,No,NO_RECEIPT,,,NO_RECEIPT
205,2024-09-11,$40.00,SWA*UPGBOARD5264253431024,,,No,NO_RECEIPT,,,NO_RECEIPT
206,2024-09-11,$20.66,TST* PYRAMIDS CAFE - AIRP,,https://pub-35015e19c4b442b9af31f1dfd941f47f.r2.dev/receipts/tst_pyramids_cafe_airp_2024-09-11_20_66_3.jpg,Yes,RATE_LIMITED,VERIFIED,,VERIFIED
207,2024-09-11,$44.78,UBER *TRIP,,https://pub-35015e19c4b442b9af31f1dfd941f47f.r2.dev/receipts/uber_trip_2024-09-11_44_78_3.jpg,Yes,RATE_LIMITED,VERIFIED,,VERIFIED
208,2024-09-12,$27.22,GNLV THE GRILLE,,https://pub-35015e19c4b442b9af31f1dfd941f47f.r2.dev/receipts/gnlv_the_grille_2024-09-12_27_22.jpg,Yes,RATE_LIMITED,MISMATCH,,MISMATCH
209,2024-09-12,$26.92,UBER *TRIP,,https://pub-35015e19c4b442b9af31f1dfd941f47f.r2.dev/receipts/uber_trip_2024-09-12_26_92_3.jpg,Yes,RATE_LIMITED,VERIFIED,,VERIFIED
210,2024-09-12,$55.53,UBER *TRIP,,https://pub-35015e19c4b442b9af31f1dfd941f47f.r2.dev/receipts/uber_trip_2024-09-12_55_53_3.jpg,Yes,RATE_LIMITED,,VERIFIED,VERIFIED
211,2024-09-12,$41.98,UBER *TRIP,,https://pub-35015e19c4b442b9af31f1dfd941f47f.r2.dev/receipts/uber_trip_2024-09-12_41_98.png,Yes,RATE_LIMITED,ERROR,MISMATCH,MISMATCH
212,2024-09-13,$313.01,GOLDEN NUGGET HOTEL LV,,https://pub-35015e19c4b442b9af31f1dfd941f47f.r2.dev/receipts/golden_nugget_hotel_lv_2024-09-13_313_01.png,Yes,RATE_LIMITED,,MISMATCH,MISMATCH
214,2024-09-14,$5.00,CLOUDFLARE,,https://pub-35015e19c4b442b9af31f1dfd941f47f.r2.dev/receipts/cloudflare_2024-09-14_5_0.jpg,Yes,RATE_LIMITED,MISMATCH,,MISMATCH
215,2024-09-15,$76.81,APPLE.COM/BILL,,https://pub-35015e19c4b442b9af31f1dfd941f47f.r2.dev/receipts/applecombill_2024-09-15_76_81_3.jpg,Yes,RATE_LIMITED,VERIFIED,,VERIFIED
216,2024-09-15,$77.89,APPLE.COM/BILL,,https://pub-35015e19c4b442b9af31f1dfd941f47f.r2.dev/receipts/applecombill_2024-09-15_77_89_3.jpg,Yes,RATE_LIMITED,VERIFIED,,VERIFIED
219,2024-09-16,$17.88,METROPOLIS PARKING,,https://pub-35015e19c4b442b9af31f1dfd941f47f.r2.dev/receipts/metropolis_parking_2024-09-16_17_88.jpg,Yes,RATE_LIMITED,VERIFIED,,VERIFIED
220,2024-09-16,$38.24,PARKINGMANAGEMENTCOMPANY,,https://pub-35015e19c4b442b9af31f1dfd941f47f.r2.dev/receipts/parkingmanagementcompany_2024-09-16_38_24_3.jpg,Yes,RATE_LIMITED,VERIFIED,,VERIFIED
221,2024-09-16,$26.22,PMC - PAID PARKING,,https://pub-35015e19c4b442b9af31f1dfd941f47f.r2.dev/receipts/pmc_paid_parking_2024-09-16_26_22.png,Yes,RATE_LIMITED,MISMATCH,,MISMATCH
223,2024-09-16,$40.07,SH NASHVILLE - OTHER,,https://pub-35015e19c4b442b9af31f1dfd941f47f.r2.dev/receipts/sh_nashville_other_2024-09-16_40_07.jpg,Yes,RATE_LIMITED,VERIFIED,,VERIFIED
224,2024-09-16,$144.06,TST*MARTINS BAR-B-QUE JO,,https://pub-35015e19c4b442b9af31f1dfd941f47f.r2.dev/receipts/tstmartins_bar_b_que_jo_2024-09-16_144_06.jpg,Yes,RATE_LIMITED,,VERIFIED,VERIFIED
226,2024-09-17,$38.79,UBER *TRIP,,https://pub-35015e19c4b442b9af31f1dfd941f47f.r2.dev/receipts/uber_trip_2024-09-17_38_79.jpg,Yes,RATE_LIMITED,,VERIFIED,VERIFIED
227,2024-09-18,$10.99,METROPOLIS PARKING,,https://pub-35015e19c4b442b9af31f1dfd941f47f.r2.dev/receipts/metropolis_parking_2024-09-18_10_99_3.jpg,Yes,RATE_LIMITED,MISMATCH,,MISMATCH
228,2024-09-18,$29.22,PMC - PAID PARKING,,https://pub-35015e19c4b442b9af31f1dfd941f47f.r2.dev/receipts/pmc_paid_parking_2024-09-18_29_22.png,Yes,RATE_LIMITED,MISMATCH,,MISMATCH
229,2024-09-18,$71.09,SH NASHVILLE - OTHER,,https://pub-35015e19c4b442b9af31f1dfd941f47f.r2.dev/receipts/sh_nashville_other_2024-09-18_71_09.jpg,Yes,RATE_LIMITED,VERIFIED,,VERIFIED
230,2024-09-19,$14.09,AMERICANO LOUNGE,,https://pub-35015e19c4b442b9af31f1dfd941f47f.r2.dev/receipts/americano_lounge_2024-09-19_14_09.png,Yes,RATE_LIMITED,MISMATCH,,MISMATCH
232,2024-09-19,$11.63,SH NASHVILLE - OTHER,,https://pub-35015e19c4b442b9af31f1dfd941f47f.r2.dev/receipts/sh_nashville_other_2024-09-19_11_63.jpg,Yes,RATE_LIMITED,VERIFIED,,VERIFIED
233,2024-09-19,$38.78,SH NASHVILLE - OTHER,,https://pub-35015e19c4b442b9af31f1dfd941f47f.r2.dev/receipts/sh_nashville_other_2024-09-19_38_78.jpg,Yes,RATE_LIMITED,VERIFIED,,VERIFIED
234,2024-09-20,$26.25,METROPOLIS PARKING,,https://pub-35015e19c4b442b9af31f1dfd941f47f.r2.dev/receipts/metropolis_parking_2024-09-20_26_25_3.jpg,Yes,RATE_LIMITED,MISMATCH,,MISMATCH
235,2024-09-21,$5.60,201 BELCOURT LOT,,https://pub-35015e19c4b442b9af31f1dfd941f47f.r2.dev/receipts/201_belcourt_lot_2024-09-21_5_6.jpg,Yes,RATE_LIMITED,MISMATCH,,MISMATCH
239,2024-09-24,$21.95,CLAUDE.AI SUBSCRIPTION,,https://pub-35015e19c4b442b9af31f1dfd941f47f.r2.dev/receipts/claudeai_subscription_2024-09-24_21_95.jpg,Yes,RATE_LIMITED,MISMATCH,,MISMATCH
240,2024-09-24,$689.59,SH NASHVILLE - OTHER,,https://pub-35015e19c4b442b9af31f1dfd941f47f.r2.dev/receipts/sh_nashville_other_2024-09-24_689_59.jpg,Yes,RATE_LIMITED,VERIFIED,,VERIFIED
242,2024-09-25,$5.18,LAZGO NASHVILLE M32180,,https://pub-35015e19c4b442b9af31f1dfd941f47f.r2.dev/receipts/lazgo_nashville_m32180_2024-09-25_5_18.jpg,Yes,RATE_LIMITED,MISMATCH,,MISMATCH
243,2024-09-25,$26.22,PMC - PAID PARKING,,https://pub-35015e19c4b442b9af31f1dfd941f47f.r2.dev/receipts/pmc_paid_parking_2024-09-25_26_22.png,Yes,RATE_LIMITED,MISMATCH,,MISMATCH
244,2024-09-25,$224.64,SH NASHVILLE - OTHER,,https://pub-35015e19c4b442b9af31f1dfd941f47f.r2.dev/receipts/sh_nashville_other_2024-09-25_224_64.jpg,Yes,RATE_LIMITED,VERIFIED,,VERIFIED
245,2024-09-25,$20.00,THE GATEWAY TO NASHVILLE,,https://pub-35015e19c4b442b9af31f1dfd941f47f.r2.dev/receipts/the_gateway_to_nashville_2024-09-25_20_0.jpg,Yes,RATE_LIMITED,,MISMATCH,MISMATCH
246,2024-09-26,$19.99,IMDBPRO,,https://pub-35015e19c4b442b9af31f1dfd941f47f.r2.dev/receipts/imdbpro_2024-09-26_19_99.jpg,Yes,RATE_LIMITED,VERIFIED,,VERIFIED
247,2024-09-26,$8.85,PARK HAPPY LLC,,https://pub-35015e19c4b442b9af31f1dfd941f47f.r2.dev/receipts/park_happy_llc_2024-09-26_8_85.jpg,Yes,RATE_LIMITED,VERIFIED,,VERIFIED
248,2024-09-26,$14.22,SH NASHVILLE - OTHER,,https://pub-35015e19c4b442b9af31f1dfd941f47f.r2.dev/receipts/sh_nashville_other_2024-09-26_14_22.jpg,Yes,RATE_LIMITED,VERIFIED,,VERIFIED
249,2024-09-28,$40.33,APPLE.COM/BILL,,https://pub-35015e19c4b442b9af31f1dfd941f47f.r2.dev/receipts/applecombill_2024-09-28_40_33.jpg,Yes,RATE_LIMITED,,VERIFIED,VERIFIED
250,2024-09-30,$50.00,IM-ADA.AI,,https://pub-35015e19c4b442b9af31f1dfd941f47f.r2.dev/receipts/im_adaai_2024-09-30_50_0.jpg,Yes,RATE_LIMITED,,MISMATCH,MISMATCH
251,2024-09-30,$32.93,MIDJOURNEY INC.,,https://pub-35015e19c4b442b9af31f1dfd941f47f.r2.dev/receipts/midjourney_inc_2024-09-30_32_93.jpg,Yes,RATE_LIMITED,VERIFIED,,VERIFIED
252,2024-10-01,$19.76,EXPENSIFY INC.,,https://pub-35015e19c4b442b9af31f1dfd941f47f.r2.dev/receipts/expensify_inc_2024-10-01_19_76_3.jpg,Yes,RATE_LIMITED,,VERIFIED,VERIFIED
253,2024-10-01,$61.00,TST* THE GREENHOUSE BAR,,https://pub-35015e19c4b442b9af31f1dfd941f47f.r2.dev/receipts/tst_the_greenhouse_bar_2024-10-01_61_0.jpg,Yes,RATE_LIMITED,,MISMATCH,VERIFIED
254,2024-10-01,$10.49,TST*BONGO JAVA BELMONT,,https://pub-35015e19c4b442b9af31f1dfd941f47f.r2.dev/receipts/tstbongo_java_belmont_2024-10-01_10_49_3.jpg,Yes,RATE_LIMITED,VERIFIED,,VERIFIED
255,2024-10-02,$10.00,IM-ADA.AI,,https://pub-35015e19c4b442b9af31f1dfd941f47f.r2.dev/receipts/im_adaai_2024-10-02_10_0.jpg,Yes,RATE_LIMITED,,VERIFIED,VERIFIED
256,2024-10-03,$20.76,PMC - PAID PARKING,,https://pub-35015e19c4b442b9af31f1dfd941f47f.r2.dev/receipts/pmc_paid_parking_2024-10-03_20_76.png,Yes,RATE_LIMITED,MISMATCH,,MISMATCH
258,2024-10-03,$106.85,TST* SMOKIN THIGHS LLC,,https://pub-35015e19c4b442b9af31f1dfd941f47f.r2.dev/receipts/tst_smokin_thighs_llc_2024-10-03_106_85.jpg,Yes,RATE_LIMITED,VERIFIED,,VERIFIED
259,2024-10-03,$27.40,TST*HEARTS CAFE,,https://pub-35015e19c4b442b9af31f1dfd941f47f.r2.dev/receipts/tsthearts_cafe_2024-10-03_27_4.jpg,Yes,RATE_LIMITED,MISMATCH,,MISMATCH
261,2024-10-04,$23.14,APPLE.COM/BILL,,https://pub-35015e19c4b442b9af31f1dfd941f47f.r2.dev/receipts/applecombill_2024-10-04_23_14_3.jpg,Yes,RATE_LIMITED,MISMATCH,,MISMATCH
262,2024-10-04,$25.00,IM-ADA.AI,,https://pub-35015e19c4b442b9af31f1dfd941f47f.r2.dev/receipts/im_adaai_2024-10-04_25_0.jpg,Yes,RATE_LIMITED,MISMATCH,,MISMATCH
263,2024-10-04,$21.00,METROPOLIS PARKING,,https://pub-35015e19c4b442b9af31f1dfd941f47f.r2.dev/receipts/metropolis_parking_2024-10-04_21_0.jpg,Yes,RATE_LIMITED,VERIFIED,,VERIFIED
264,2024-10-04,$23.27,SH NASHVILLE - OTHER,,https://pub-35015e19c4b442b9af31f1dfd941f47f.r2.dev/receipts/sh_nashville_other_2024-10-04_23_27.jpg,Yes,RATE_LIMITED,MISMATCH,,MISMATCH
266,2024-10-07,$52.99,SH NASHVILLE - OTHER,,https://pub-35015e19c4b442b9af31f1dfd941f47f.r2.dev/receipts/sh_nashville_other_2024-10-07_52_99.jpg,Yes,RATE_LIMITED,VERIFIED,,VERIFIED
267,2024-10-07,$29.73,SH NASHVILLE - OTHER,,https://pub-35015e19c4b442b9af31f1dfd941f47f.r2.dev/receipts/sh_nashville_other_2024-10-07_29_73.jpg,Yes,RATE_LIMITED,VERIFIED,,VERIFIED
268,2024-10-08,$10.00,CALENDARBRIDGE,,https://pub-35015e19c4b442b9af31f1dfd941f47f.r2.dev/receipts/calendarbridge_2024-10-08_10_0.jpg,Yes,RATE_LIMITED,VERIFIED,,VERIFIED
269,2024-10-08,$83.92,CORNER PUB,,https://pub-35015e19c4b442b9af31f1dfd941f47f.r2.dev/receipts/corner_pub_2024-10-08_83_92.heic,Yes,RATE_LIMITED,ERROR,MISMATCH,MISMATCH
270,2024-10-08,$50.00,IM-ADA.AI,,https://pub-35015e19c4b442b9af31f1dfd941f47f.r2.dev/receipts/im_adaai_2024-10-08_50_0.jpg,Yes,RATE_LIMITED,MISMATCH,,MISMATCH
271,2024-10-08,$26.25,METROPOLIS PARKING,,https://pub-35015e19c4b442b9af31f1dfd941f47f.r2.dev/receipts/metropolis_parking_2024-10-08_26_25_3.jpg,Yes,RATE_LIMITED,VERIFIED,,VERIFIED
272,2024-10-08,$13.13,SPOTIFY USA,,https://pub-35015e19c4b442b9af31f1dfd941f47f.r2.dev/receipts/spotify_usa_2024-10-08_13_13_3.jpg,Yes,RATE_LIMITED,ERROR,MISMATCH,VERIFIED
273,2024-10-09,$30.05,PMC - PAID PARKING,,https://pub-35015e19c4b442b9af31f1dfd941f47f.r2.dev/receipts/pmc_paid_parking_2024-10-09_30_05.png,Yes,RATE_LIMITED,VERIFIED,,VERIFIED
274,2024-10-10,$123.79,12 SOUTH TAPROOM &AMP; GRILL,,https://pub-35015e19c4b442b9af31f1dfd941f47f.r2.dev/receipts/12_south_taproom_amp_grill_2024-10-10_123_79_3.jpg,Yes,RATE_LIMITED,MISMATCH,,MISMATCH
276,2024-10-11,$24.22,DD *DOORDASH LASPALMAS,,https://pub-35015e19c4b442b9af31f1dfd941f47f.r2.dev/receipts/dd_doordash_laspalmas_2024-10-11_24_22.jpg,Yes,RATE_LIMITED,MISMATCH,,MISMATCH
277,2024-10-11,$23.27,SH NASHVILLE - OTHER,,https://pub-35015e19c4b442b9af31f1dfd941f47f.r2.dev/receipts/sh_nashville_other_2024-10-11_23_27.PNG,Yes,RATE_LIMITED,VERIFIED,,VERIFIED
278,2024-10-11,$27.14,SH NASHVILLE - OTHER,,https://pub-35015e19c4b442b9af31f1dfd941f47f.r2.dev/receipts/sh_nashville_other_2024-10-11_27_14.jpg,Yes,RATE_LIMITED,MISMATCH,,MISMATCH
279,2024-10-11,$62.04,SH NASHVILLE - OTHER,,https://pub-35015e19c4b442b9af31f1dfd941f47f.r2.dev/receipts/sh_nashville_other_2024-10-11_62_04.jpg,Yes,RATE_LIMITED,MISMATCH,,MISMATCH
281,2024-10-13,$9.00,SOURCEGRAPH INC,,https://pub-35015e19c4b442b9af31f1dfd941f47f.r2.dev/receipts/sourcegraph_inc_2024-10-13_9_0.jpg,Yes,RATE_LIMITED,VERIFIED,,VERIFIED
282,2024-10-14,$5.00,CLOUDFLARE,,https://pub-35015e19c4b442b9af31f1dfd941f47f.r2.dev/receipts/cloudflare_2024-10-14_5_0.jpg,Yes,RATE_LIMITED,VERIFIED,,VERIFIED
283,2024-10-15,$422.72,CHAR GREEN HILLS,,https://pub-35015e19c4b442b9af31f1dfd941f47f.r2.dev/receipts/char_green_hills_2024-10-15_422_72_3.jpg,Yes,RATE_LIMITED,,MISMATCH,MISMATCH
284,2024-10-16,$1450.00,ACADEMY OF COUNTRY MUS,,https://pub-35015e19c4b442b9af31f1dfd941f47f.r2.dev/receipts/academy_of_country_mus_2024-10-16_1450_0.jpg,Yes,RATE_LIMITED,VERIFIED,,VERIFIED
286,2024-10-16,$133.44,CORNER PUB,,https://pub-35015e19c4b442b9af31f1dfd941f47f.r2.dev/receipts/corner_pub_2024-10-16_133_44.jpg,Yes,RATE_LIMITED,,MISMATCH,VERIFIED
287,2024-10-16,$19.94,PMC - PAID PARKING,,https://pub-35015e19c4b442b9af31f1dfd941f47f.r2.dev/receipts/pmc_paid_parking_2024-10-16_19_94.png,Yes,RATE_LIMITED,,MISMATCH,VERIFIED
289,2024-10-16,$37.48,SH NASHVILLE - OTHER,,https://pub-35015e19c4b442b9af31f1dfd941f47f.r2.dev/receipts/sh_nashville_other_2024-10-16_37_48.jpg,Yes,RATE_LIMITED,,VERIFIED,VERIFIED
290,2024-10-16,$29.73,SH NASHVILLE - OTHER,,https://pub-35015e19c4b442b9af31f1dfd941f47f.r2.dev/receipts/sh_nashville_other_2024-10-16_29_73.jpg,Yes,RATE_LIMITED,,VERIFIED,VERIFIED
291,2024-10-16,$84.35,SH NASHVILLE F&AMP;B,,https://pub-35015e19c4b442b9af31f1dfd941f47f.r2.dev/receipts/sh_nashville_fampb_2024-10-16_84_35.jpg,Yes,RATE_LIMITED,,VERIFIED,VERIFIED
292,2024-10-18,$160.00,CHARTMETRIC,,https://pub-35015e19c4b442b9af31f1dfd941f47f.r2.dev/receipts/chartmetric_2024-10-18_160_0.jpg,Yes,RATE_LIMITED,,VERIFIED,VERIFIED
294,2024-10-22,$144.00,RUNWAY STANDARD PLAN,,https://pub-35015e19c4b442b9af31f1dfd941f47f.r2.dev/receipts/runway_standard_plan_2024-10-22_144_0.jpg,Yes,VERIFIED,,,VERIFIED
295,2024-10-23,$6.73,201 BELCOURT LOT,,https://pub-35015e19c4b442b9af31f1dfd941f47f.r2.dev/receipts/201_belcourt_lot_2024-10-23_6_73.jpg,Yes,VERIFIED,,,VERIFIED
297,2024-10-23,$34.75,TST*FIDO BONGO JAVA,,https://pub-35015e19c4b442b9af31f1dfd941f47f.r2.dev/receipts/tstfido_bongo_java_2024-10-23_34_75_3.jpg,Yes,VERIFIED,,,VERIFIED
298,2024-10-24,$21.95,CLAUDE.AI SUBSCRIPTION,,https://pub-35015e19c4b442b9af31f1dfd941f47f.r2.dev/receipts/claudeai_subscription_2024-10-24_21_95.jpg,Yes,VERIFIED,,,VERIFIED
299,2024-10-25,$27.00,BONHOMME PLACE GARAGE,,https://pub-35015e19c4b442b9af31f1dfd941f47f.r2.dev/receipts/bonhomme_place_garage_2024-10-25_27_0.png,Yes,,,VERIFIED,VERIFIED
300,2024-10-25,$50.00,IM-ADA.AI,,https://pub-35015e19c4b442b9af31f1dfd941f47f.r2.dev/receipts/im_adaai_2024-10-25_50_0.jpg,Yes,,,MISMATCH,VERIFIED
301,2024-10-26,$19.99,IMDBPRO,,https://pub-35015e19c4b442b9af31f1dfd941f47f.r2.dev/receipts/imdbpro_2024-10-26_19_99.jpg,Yes,,,VERIFIED,VERIFIED
302,2024-10-26,$427.56,LE MERIDIEN ST. LOUIS,,https://pub-35015e19c4b442b9af31f1dfd941f47f.r2.dev/receipts/le_meridien_st_louis_2024-10-26_427_56_3.jpg,Yes,,,VERIFIED,VERIFIED
303,2024-10-26,$49.71,UBER *TRIP,,https://pub-35015e19c4b442b9af31f1dfd941f47f.r2.dev/receipts/uber_trip_2024-10-26_49_71_3.jpg,Yes,,,VERIFIED,VERIFIED
305,2024-10-28,$60.00,JJK FOUNDATION,,https://pub-35015e19c4b442b9af31f1dfd941f47f.r2.dev/receipts/jjk_foundation_2024-10-28_60_0.jpg,Yes,,,VERIFIED,VERIFIED
306,2024-10-30,$159.74,12 SOUTH TAPROOM &AMP; GRILL,,https://pub-35015e19c4b442b9af31f1dfd941f47f.r2.dev/receipts/12_south_taproom_amp_grill_2024-10-30_159_74_3.jpg,Yes,,,MISMATCH,VERIFIED
307,2024-10-30,$49.24,DD *DOORDASH TACOBAMBA,,https://pub-35015e19c4b442b9af31f1dfd941f47f.r2.dev/receipts/dd_doordash_tacobamba_2024-10-30_49_24_3.jpg,Yes,,,VERIFIED,VERIFIED
308,2024-10-30,$32.93,MIDJOURNEY INC.,,https://pub-35015e19c4b442b9af31f1dfd941f47f.r2.dev/receipts/midjourney_inc_2024-10-30_32_93.jpg,Yes,,,MISMATCH,VERIFIED
309,2024-10-31,$67.97,DD *DOORDASH KALAMATAS,,https://pub-35015e19c4b442b9af31f1dfd941f47f.r2.dev/receipts/dd_doordash_kalamatas_2024-10-31_67_97.jpg,Yes,,,VERIFIED,VERIFIED
310,2024-11-01,$19.76,EXPENSIFY INC.,,https://pub-35015e19c4b442b9af31f1dfd941f47f.r2.dev/receipts/expensify_inc_2024-11-01_19_76_3.jpg,Yes,,,VERIFIED,VERIFIED
311,2024-11-01,$25.00,IM-ADA.AI,,https://pub-35015e19c4b442b9af31f1dfd941f47f.r2.dev/receipts/im_adaai_2024-11-01_25_0.jpg,Yes,,,VERIFIED,VERIFIED
312,2024-11-01,$21.00,METROPOLIS PARKING,,https://pub-35015e19c4b442b9af31f1dfd941f47f.r2.dev/receipts/metropolis_parking_2024-11-01_21_0.jpg,Yes,,,VERIFIED,VERIFIED
313,2024-11-01,$52.68,NOTION LABS INC.,,https://pub-35015e19c4b442b9af31f1dfd941f47f.r2.dev/receipts/notion_labs_inc_2024-11-01_52_68.jpg,Yes,,,VERIFIED,VERIFIED
314,2024-11-01,$23.27,SH NASHVILLE - OTHER,,https://pub-35015e19c4b442b9af31f1dfd941f47f.r2.dev/receipts/sh_nashville_other_2024-11-01_23_27.jpg,Yes,,,VERIFIED,VERIFIED
315,2024-11-03,$25.00,IM-ADA.AI,,https://pub-35015e19c4b442b9af31f1dfd941f47f.r2.dev/receipts/im_adaai_2024-11-03_25_0.jpg,Yes,,,VERIFIED,VERIFIED
316,2024-11-04,$39.87,CORNER PUB,,https://pub-35015e19c4b442b9af31f1dfd941f47f.r2.dev/receipts/corner_pub_2024-11-04_39_87.jpg,Yes,,,VERIFIED,VERIFIED
318,2024-11-06,$23.21,PMC - PAID PARKING,,https://pub-35015e19c4b442b9af31f1dfd941f47f.r2.dev/receipts/pmc_paid_parking_2024-11-06_23_21_3.jpg,Yes,,,VERIFIED,VERIFIED
319,2024-11-06,$102.26,SH NASHVILLE F&AMP;B,,https://pub-35015e19c4b442b9af31f1dfd941f47f.r2.dev/receipts/sh_nashville_fb_2024-11-06_102_26.jpg,Yes,,,MISMATCH,VERIFIED
320,2024-11-07,$50.00,IM-ADA.AI,,https://pub-35015e19c4b442b9af31f1dfd941f47f.r2.dev/receipts/imadaai_2024-11-07_50_00.jpg,Yes,,,MISMATCH,VERIFIED
321,2024-11-07,$26.25,METROPOLIS PARKING,,https://pub-35015e19c4b442b9af31f1dfd941f47f.r2.dev/receipts/metropolis_parking_2024-11-07_26_25_3.jpg,Yes,,,VERIFIED,VERIFIED
322,2024-11-07,$20.64,SQ *CANNERY HALL,,https://pub-35015e19c4b442b9af31f1dfd941f47f.r2.dev/receipts/sq_cannery_hall_2024-11-07_20_64_3.jpg,Yes,,,VERIFIED,VERIFIED
323,2024-11-07,$12.46,SQ *DISTRICT COFFEE,,https://pub-35015e19c4b442b9af31f1dfd941f47f.r2.dev/receipts/sq_district_coffee_2024-11-07_12_46_3.jpg,Yes,,,VERIFIED,VERIFIED
324,2024-11-08,$10.00,CALENDARBRIDGE,,https://pub-35015e19c4b442b9af31f1dfd941f47f.r2.dev/receipts/calendarbridge_2024-11-08_10_0.jpg,Yes,,,MISMATCH,VERIFIED
325,2024-11-08,$25.57,DD *DOORDASH LASPALMAS,,https://pub-35015e19c4b442b9af31f1dfd941f47f.r2.dev/receipts/dd_doordash_laspalmas_2024-11-08_25_57.png,Yes,,,VERIFIED,VERIFIED
326,2024-11-08,$10.99,METROPOLIS PARKING,,https://pub-35015e19c4b442b9af31f1dfd941f47f.r2.dev/receipts/metropolis_parking_2024-11-08_10_99_3.jpg,Yes,,,MISMATCH,VERIFIED
327,2024-11-08,$45.24,SH NASHVILLE - OTHER,,https://pub-35015e19c4b442b9af31f1dfd941f47f.r2.dev/receipts/sh_nashville_other_2024-11-08_45_24.PNG,Yes,,,MISMATCH,MISMATCH
328,2024-11-08,$13.13,SPOTIFY USA,,https://pub-35015e19c4b442b9af31f1dfd941f47f.r2.dev/receipts/spotify_usa_2024-11-08_13_13_3.jpg,Yes,,,VERIFIED,VERIFIED
329,2024-11-09,$50.00,IM-ADA.AI,,https://pub-35015e19c4b442b9af31f1dfd941f47f.r2.dev/receipts/im_adaai_2024-11-09_50_0.jpg,Yes,,,MISMATCH,VERIFIED
330,2024-11-12,$176.99,SH NASHVILLE - OTHER,,https://pub-35015e19c4b442b9af31f1dfd941f47f.r2.dev/receipts/sh_nashville_other_2024-11-12_176_99.jpg,Yes,,,VERIFIED,VERIFIED
331,2024-11-12,$361.72,SH NASHVILLE F&AMP;B,,https://pub-35015e19c4b442b9af31f1dfd941f47f.r2.dev/receipts/sh_nashville_fampb_2024-11-12_361_72.jpg,Yes,,,MISMATCH,VERIFIED
332,2024-11-13,$1043.66,GIVERGY: CHARITY EVENT,,https://pub-35015e19c4b442b9af31f1dfd941f47f.r2.dev/receipts/givergy_charity_event_2024-11-13_1043_66_3.jpg,Yes,,,VERIFIED,VERIFIED
333,2024-11-13,$15.99,METROPOLIS PARKING,,https://pub-35015e19c4b442b9af31f1dfd941f47f.r2.dev/receipts/metropolis_parking_2024-11-13_15_99_3.jpg,Yes,,,VERIFIED,VERIFIED
334,2024-11-13,$9.00,SOURCEGRAPH INC,,https://pub-35015e19c4b442b9af31f1dfd941f47f.r2.dev/receipts/sourcegraph_inc_2024-11-13_9_0.jpg,Yes,,,VERIFIED,VERIFIED
335,2024-11-13,$42.01,SQ *THE PERCH,,https://pub-35015e19c4b442b9af31f1dfd941f47f.r2.dev/receipts/sq_the_perch_2024-11-13_42_01.jpg,Yes,,,VERIFIED,VERIFIED
336,2024-11-14,$279.44,12 SOUTH TAPROOM &AMP; GRILL,,https://pub-35015e19c4b442b9af31f1dfd941f47f.r2.dev/receipts/12_south_taproom_amp_grill_2024-11-14_279_44.jpg,Yes,,,MISMATCH,VERIFIED
337,2024-11-14,$27.44,ANTHROPIC,,https://pub-35015e19c4b442b9af31f1dfd941f47f.r2.dev/receipts/anthropic_2024-11-14_27_44.jpg,Yes,,,VERIFIED,VERIFIED
338,2024-11-14,$5.00,CLOUDFLARE,,https://pub-35015e19c4b442b9af31f1dfd941f47f.r2.dev/receipts/cloudflare_2024-11-14_5_0.jpg,Yes,,,VERIFIED,VERIFIED
339,2024-11-14,$15.99,METROPOLIS PARKING,,https://pub-35015e19c4b442b9af31f1dfd941f47f.r2.dev/receipts/metropolis_parking_2024-11-14_15_99_3.jpg,Yes,,,VERIFIED,VERIFIED
340,2024-11-14,$7.76,SH NASHVILLE - OTHER,,https://pub-35015e19c4b442b9af31f1dfd941f47f.r2.dev/receipts/sh_nashville_other_2024-11-14_7_76.jpg,Yes,,,VERIFIED,VERIFIED
341,2024-11-15,$29.40,METROPOLIS PARKING,,https://pub-35015e19c4b442b9af31f1dfd941f47f.r2.dev/receipts/metropolis_parking_2024-11-15_29_4.jpg,Yes,,,VERIFIED,VERIFIED
342,2024-11-15,$15.99,METROPOLIS PARKING,,https://pub-35015e19c4b442b9af31f1dfd941f47f.r2.dev/receipts/metropolis_parking_2024-11-15_15_99_3.jpg,Yes,,,VERIFIED,VERIFIED
344,2024-11-15,$16.80,SH NASHVILLE - OTHER,,https://pub-35015e19c4b442b9af31f1dfd941f47f.r2.dev/receipts/sh_nashville_other_2024-11-15_16_8.jpg,Yes,,,VERIFIED,VERIFIED
346,2024-11-16,$26.25,METROPOLIS PARKING,,https://pub-35015e19c4b442b9af31f1dfd941f47f.r2.dev/receipts/metropolis_parking_2024-11-16_26_25_3.jpg,Yes,,,VERIFIED,VERIFIED
347,2024-11-17,$47.34,BROADWAY BREWHOUSE DOWNTO,,https://pub-35015e19c4b442b9af31f1dfd941f47f.r2.dev/receipts/broadway_brewhouse_downto_2024-11-17_47_34_3.jpg,Yes,,,MISMATCH,VERIFIED
348,2024-11-18,$160.00,CHARTMETRIC,,https://pub-35015e19c4b442b9af31f1dfd941f47f.r2.dev/receipts/chartmetric_2024-11-18_160_0.jpg,Yes,,,VERIFIED,VERIFIED
349,2024-11-19,$30.69,MARSH HOUSE,,https://pub-35015e19c4b442b9af31f1dfd941f47f.r2.dev/receipts/marsh_house_2024-11-19_30_69.jpg,Yes,,,VERIFIED,VERIFIED
350,2024-11-20,$100.00,IM-ADA.AI,,https://pub-35015e19c4b442b9af31f1dfd941f47f.r2.dev/receipts/im_adaai_2024-11-20_100_0.jpg,Yes,,,MISMATCH,VERIFIED
351,2024-11-20,$20.66,METROPOLIS PARKING,,https://pub-35015e19c4b442b9af31f1dfd941f47f.r2.dev/receipts/metropolis_parking_2024-11-20_20_66.jpg,Yes,,,MISMATCH,MISMATCH
352,2024-11-21,$26.25,METROPOLIS PARKING,,https://pub-35015e19c4b442b9af31f1dfd941f47f.r2.dev/receipts/metropolis_parking_2024-11-21_26_25_3.jpg,Yes,,,VERIFIED,VERIFIED
353,2024-11-21,$34.96,PARKING OMNI NASHVILLE PA,,https://pub-35015e19c4b442b9af31f1dfd941f47f.r2.dev/receipts/parking_omni_nashville_pa_2024-11-21_34_96_3.jpg,Yes,,,MISMATCH,VERIFIED
354,2024-11-22,$34.90,SH NASHVILLE - OTHER,,https://pub-35015e19c4b442b9af31f1dfd941f47f.r2.dev/receipts/sh_nashville_other_2024-11-22_34_9.jpg,Yes,,,VERIFIED,VERIFIED
355,2024-11-22,$59.46,SH NASHVILLE - OTHER,,https://pub-35015e19c4b442b9af31f1dfd941f47f.r2.dev/receipts/sh_nashville_other_2024-11-22_59_46.png,Yes,,,VERIFIED,VERIFIED
356,2024-11-22,$15.51,SH NASHVILLE - OTHER,,https://pub-35015e19c4b442b9af31f1dfd941f47f.r2.dev/receipts/sh_nashville_other_2024-11-22_15_51.jpg,Yes,,,VERIFIED,VERIFIED
357,2024-11-23,$26.25,METROPOLIS PARKING,,https://pub-35015e19c4b442b9af31f1dfd941f47f.r2.dev/receipts/metropolis_parking_2024-11-23_26_25_3.jpg,Yes,,,VERIFIED,VERIFIED
358,2024-11-24,$21.95,CLAUDE.AI SUBSCRIPTION,,https://pub-35015e19c4b442b9af31f1dfd941f47f.r2.dev/receipts/claudeai_subscription_2024-11-24_21_95.jpg,Yes,,,VERIFIED,VERIFIED
360,2024-11-24,$52.99,SH NASHVILLE - OTHER,,https://pub-35015e19c4b442b9af31f1dfd941f47f.r2.dev/receipts/sh_nashville_other_2024-11-24_52_99.jpg,Yes,,,VERIFIED,VERIFIED
361,2024-11-25,$72.89,CORNER PUB,,https://pub-35015e19c4b442b9af31f1dfd941f47f.r2.dev/receipts/corner_pub_2024-11-25_72_89_3.jpg,Yes,,,VERIFIED,VERIFIED
362,2024-11-25,$51.98,CORNER PUB,,https://pub-35015e19c4b442b9af31f1dfd941f47f.r2.dev/receipts/corner_pub_2024-11-25_51_98.heic,Yes,,,MISMATCH,MISMATCH
363,2024-11-25,$26.25,METROPOLIS PARKING,,https://pub-35015e19c4b442b9af31f1dfd941f47f.r2.dev/receipts/metropolis_parking_2024-11-25_26_25_3.jpg,Yes,,,VERIFIED,VERIFIED
364,2024-11-25,$38.78,SH NASHVILLE - OTHER,,https://pub-35015e19c4b442b9af31f1dfd941f47f.r2.dev/receipts/sh_nashville_other_2024-11-25_38_78.jpg,Yes,,,VERIFIED,VERIFIED
365,2024-11-26,$26.25,METROPOLIS PARKING,,https://pub-35015e19c4b442b9af31f1dfd941f47f.r2.dev/receipts/metropolis_parking_2024-11-26_26_25_3.jpg,Yes,,,VERIFIED,VERIFIED
366,2024-11-27,$12.84,PMC - PAID PARKING,,https://pub-35015e19c4b442b9af31f1dfd941f47f.r2.dev/receipts/pmc_paid_parking_2024-11-27_12_84.jpg,Yes,,,VERIFIED,VERIFIED
367,2024-11-27,$884.98,SOUTHWES 5262584463367,,https://pub-35015e19c4b442b9af31f1dfd941f47f.r2.dev/receipts/southwes_5262584463367_2024-11-27_884_98.jpg,Yes,,,MISMATCH,MISMATCH
368,2024-11-29,$123.17,GOLDEN NUGGET HOTEL LV,,https://pub-35015e19c4b442b9af31f1dfd941f47f.r2.dev/receipts/golden_nugget_hotel_lv_2024-11-29_123_17.png,Yes,,,MISMATCH,MISMATCH
370,2024-11-30,$100.00,IM-ADA.AI,,https://pub-35015e19c4b442b9af31f1dfd941f47f.r2.dev/receipts/im_adaai_2024-11-30_100_0.jpg,Yes,,,MISMATCH,VERIFIED
371,2024-11-30,$32.93,MIDJOURNEY INC.,,https://pub-35015e19c4b442b9af31f1dfd941f47f.r2.dev/receipts/midjourney_inc_2024-11-30_32_93.jpg,Yes,,,MISMATCH,MISMATCH
372,2024-12-01,$19.76,EXPENSIFY INC.,,https://pub-35015e19c4b442b9af31f1dfd941f47f.r2.dev/receipts/expensify_inc_2024-12-01_19_76_3.jpg,Yes,,,VERIFIED,VERIFIED
373,2024-12-02,$11.00,SO PT CATALINA BAR,,https://pub-35015e19c4b442b9af31f1dfd941f47f.r2.dev/receipts/so_pt_catalina_bar_2024-12-02_11_00.jpg,Yes,,,MISMATCH,VERIFIED
374,2024-12-02,$12.25,THE URBAN JUICER,,https://pub-35015e19c4b442b9af31f1dfd941f47f.r2.dev/receipts/the_urban_juicer_2024-12-02_12_25_3.jpg,Yes,,,VERIFIED,VERIFIED
375,2024-12-02,$51.07,UBER *TRIP,,https://pub-35015e19c4b442b9af31f1dfd941f47f.r2.dev/receipts/uber_trip_2024-12-02_51_07_3.jpg,Yes,,,VERIFIED,VERIFIED
376,2024-12-02,$37.14,UBER *TRIP,,https://pub-35015e19c4b442b9af31f1dfd941f47f.r2.dev/receipts/uber_trip_2024-12-02_37_14_3.jpg,Yes,,,VERIFIED,VERIFIED
377,2024-12-02,$20.14,WENDYS #652,,https://pub-35015e19c4b442b9af31f1dfd941f47f.r2.dev/receipts/wendys_652_2024-12-02_20_14.jpg,Yes,,,VERIFIED,VERIFIED
378,2024-12-03,$708.64,COSMOPOL-BLUE RIBBON,,https://pub-35015e19c4b442b9af31f1dfd941f47f.r2.dev/receipts/cosmopol_blue_ribbon_2024-12-03_708_64.jpg,Yes,,,MISMATCH,MISMATCH
379,2024-12-03,$31.67,RWLV RW STORE HILTON,,https://pub-35015e19c4b442b9af31f1dfd941f47f.r2.dev/receipts/rwlv_rw_store_hilton_2024-12-03_31_67_3.jpg,Yes,,,MISMATCH,VERIFIED
380,2024-12-03,$22.37,STARBUCKS 65853,,https://pub-35015e19c4b442b9af31f1dfd941f47f.r2.dev/receipts/starbucks_65853_2024-12-03_22_37_3.jpg,Yes,,,MISMATCH,MISMATCH
381,2024-12-03,$28.46,UBER *TRIP,,https://pub-35015e19c4b442b9af31f1dfd941f47f.r2.dev/receipts/uber_trip_2024-12-03_28_46_3.png,Yes,,,VERIFIED,VERIFIED
382,2024-12-03,$48.15,UBER *TRIP,,https://pub-35015e19c4b442b9af31f1dfd941f47f.r2.dev/receipts/uber_trip_2024-12-03_48_15.jpg,Yes,,,VERIFIED,VERIFIED
383,2024-12-03,$24.22,UBER *TRIP,,https://pub-35015e19c4b442b9af31f1dfd941f47f.r2.dev/receipts/uber_trip_2024-12-03_24_22.jpg,Yes,,,VERIFIED,VERIFIED
384,2024-12-04,$37.18,CURB LV TAXI NELLIS,,https://pub-35015e19c4b442b9af31f1dfd941f47f.r2.dev/receipts/curb_lv_taxi_nellis_2024-12-04_37_18.jpg,Yes,,,MISMATCH,VERIFIED
385,2024-12-04,$46.32,CURB LV TAXI YCS,,https://pub-35015e19c4b442b9af31f1dfd941f47f.r2.dev/receipts/curb_lv_taxi_ycs_2024-12-04_46_32.jpg,Yes,,,VERIFIED,VERIFIED
386,2024-12-04,$75.00,PROFESSIONAL RODEO COWBO,,https://pub-35015e19c4b442b9af31f1dfd941f47f.r2.dev/receipts/professional_rodeo_cowbo_2024-12-04_75_0.jpeg,Yes,,,MISMATCH,MISMATCH
388,2024-12-05,$38.82,BONANNOS NY PIZZERIA D,,https://pub-35015e19c4b442b9af31f1dfd941f47f.r2.dev/receipts/bonannos_ny_pizzeria_d_2024-12-05_38_82_3.jpg,Yes,,,MISMATCH,VERIFIED
389,2024-12-05,$24.25,CHICK-FIL-A LAS VEGAS,,https://pub-35015e19c4b442b9af31f1dfd941f47f.r2.dev/receipts/chick_fil_a_las_vegas_2024-12-05_24_25.jpg,Yes,,,MISMATCH,VERIFIED
390,2024-12-05,$34.44,DESERT CAB,,https://pub-35015e19c4b442b9af31f1dfd941f47f.r2.dev/receipts/desert_cab_2024-12-05_34_44.jpg,Yes,,,MISMATCH,MISMATCH
391,2024-12-05,$26.50,LAS VEGAS CONVENTION CTR,,https://pub-35015e19c4b442b9af31f1dfd941f47f.r2.dev/receipts/las_vegas_convention_ctr_2024-12-05_26_5.jpg,Yes,,,MISMATCH,VERIFIED
393,2024-12-05,$21.51,UBER *TRIP,,https://pub-35015e19c4b442b9af31f1dfd941f47f.r2.dev/receipts/uber_trip_2024-12-05_21_51_3.jpg,Yes,,,MISMATCH,VERIFIED
394,2024-12-06,$33.38,COSMOPOL-BANG BAR,,https://pub-35015e19c4b442b9af31f1dfd941f47f.r2.dev/receipts/cosmopol_bang_bar_2024-12-06_33_38.jpg,Yes,,,VERIFIED,VERIFIED
395,2024-12-06,$29.87,CURB LV TAXI YCS,,https://pub-35015e19c4b442b9af31f1dfd941f47f.r2.dev/receipts/curb_lv_taxi_ycs_2024-12-06_29_87.jpg,Yes,,,MISMATCH,MISMATCH
396,2024-12-06,$18.89,CURB LV TAXI YCS,,https://pub-35015e19c4b442b9af31f1dfd941f47f.r2.dev/receipts/curb_lv_taxi_ycs_2024-12-06_18_89_3.jpg,Yes,,,MISMATCH,VERIFIED
397,2024-12-06,$43.49,DESERT CAB,,https://pub-35015e19c4b442b9af31f1dfd941f47f.r2.dev/receipts/desert_cab_2024-12-06_43_49_3.jpg,Yes,,,MISMATCH,VERIFIED
398,2024-12-06,$17.55,PORT OF SUBS 0053,,https://pub-35015e19c4b442b9af31f1dfd941f47f.r2.dev/receipts/port_of_subs_0053_2024-12-06_17_55_3.jpg,Yes,,,MISMATCH,MISMATCH
399,2024-12-06,$9.86,STARBUCKS STORE 00661,,,No,,,,NO_RECEIPT
400,2024-12-06,$20.84,UBER *TRIP,,https://pub-35015e19c4b442b9af31f1dfd941f47f.r2.dev/receipts/uber_trip_2024-12-06_20_84.jpg,Yes,,,VERIFIED,VERIFIED
401,2024-12-06,$54.93,UBER *TRIP,,https://pub-35015e19c4b442b9af31f1dfd941f47f.r2.dev/receipts/uber_trip_2024-12-06_54_93.jpg,Yes,,,VERIFIED,VERIFIED
402,2024-12-06,$35.21,UBER *TRIP,,https://pub-35015e19c4b442b9af31f1dfd941f47f.r2.dev/receipts/uber_trip_2024-12-06_35_21_3.jpg,Yes,,,MISMATCH,VERIFIED
403,2024-12-07,$16.83,CURB LV TAXI YCS,,,No,NO_RECEIPT,,,NO_RECEIPT
405,2024-12-07,$19.00,DESERT STAR LOUNGE,,https://pub-35015e19c4b442b9af31f1dfd941f47f.r2.dev/receipts/desert_star_lounge_2024-12-07_19_0.jpg,Yes,VERIFIED,,,VERIFIED
406,2024-12-07,$1142.43,GOLDEN NUGGET HOTEL LV,,https://pub-35015e19c4b442b9af31f1dfd941f47f.r2.dev/receipts/golden_nugget_hotel_lv_2024-12-07_1142_43.png,Yes,RATE_LIMITED,,MISMATCH,VERIFIED
407,2024-12-07,$355.00,HOTELTONIGHT*VIRGIN HO,,https://pub-35015e19c4b442b9af31f1dfd941f47f.r2.dev/receipts/hoteltonightvirgin_ho_2024-12-07_355_0.png,Yes,RATE_LIMITED,,MISMATCH,MISMATCH
408,2024-12-07,$33.16,PIZZA FORTE HARD ROCK,,https://pub-35015e19c4b442b9af31f1dfd941f47f.r2.dev/receipts/pizza_forte_hard_rock_2024-12-07_33_16.jpg,Yes,VERIFIED,,,VERIFIED
409,2024-12-07,$664.98,SOUTHWES 5262587584631,,https://pub-35015e19c4b442b9af31f1dfd941f47f.r2.dev/receipts/southwes_5262587584631_2024-12-07_664_98.jpg,Yes,,,VERIFIED,VERIFIED
410,2024-12-07,$34.68,UBER *TRIP,,https://pub-35015e19c4b442b9af31f1dfd941f47f.r2.dev/receipts/uber_trip_2024-12-07_34_68.png,Yes,,,VERIFIED,VERIFIED
411,2024-12-07,$40.60,VHLV-CHOW FUN,,https://pub-35015e19c4b442b9af31f1dfd941f47f.r2.dev/receipts/vhlv_chow_fun_2024-12-07_40_6.jpg,Yes,,,MISMATCH,VERIFIED
412,2024-12-08,$10.00,CALENDARBRIDGE,,https://pub-35015e19c4b442b9af31f1dfd941f47f.r2.dev/receipts/calendarbridge_2024-12-08_10_0.jpg,Yes,RATE_LIMITED,,VERIFIED,VERIFIED
413,2024-12-08,$13.13,SPOTIFY USA,,https://pub-35015e19c4b442b9af31f1dfd941f47f.r2.dev/receipts/spotify_usa_2024-12-08_13_13_3.jpg,Yes,RATE_LIMITED,,MISMATCH,MISMATCH
414,2024-12-08,$35.00,VHLV-KITCHEN AT COMMON,,https://pub-35015e19c4b442b9af31f1dfd941f47f.r2.dev/receipts/vhlv_kitchen_at_common_2024-12-08_35_0.jpg,Yes,RATE_LIMITED,,MISMATCH,VERIFIED
415,2024-12-08,$108.84,VHLV-LODGING,,,No,NO_RECEIPT,,,NO_RECEIPT
416,2024-12-09,$34.07,UBER *TRIP,,https://pub-35015e19c4b442b9af31f1dfd941f47f.r2.dev/receipts/uber_trip_2024-12-09_34_07_3.jpg,Yes,RATE_LIMITED,,MISMATCH,MISMATCH
417,2024-12-09,$46.83,UBER *TRIP,,https://pub-35015e19c4b442b9af31f1dfd941f47f.r2.dev/receipts/uber_trip_2024-12-09_46_83.jpg,Yes,RATE_LIMITED,,VERIFIED,VERIFIED
418,2024-12-12,$21.00,METROPOLIS PARKING,,https://pub-35015e19c4b442b9af31f1dfd941f47f.r2.dev/receipts/metropolis_parking_2024-12-12_21_0.jpg,Yes,RATE_LIMITED,,VERIFIED,VERIFIED
419,2024-12-12,$15.51,SH NASHVILLE - OTHER,,https://pub-35015e19c4b442b9af31f1dfd941f47f.r2.dev/receipts/sh_nashville_other_2024-12-12_15_51.png,Yes,RATE_LIMITED,,MISMATCH,VERIFIED
420,2024-12-13,$9.00,SOURCEGRAPH INC,,https://pub-35015e19c4b442b9af31f1dfd941f47f.r2.dev/receipts/sourcegraph_inc_2024-12-13_9_0.jpg,Yes,RATE_LIMITED,,VERIFIED,VERIFIED
422,2024-12-14,$5.00,CLOUDFLARE,,https://pub-35015e19c4b442b9af31f1dfd941f47f.r2.dev/receipts/cloudflare_2024-12-14_5_0.jpg,Yes,MISMATCH,,,VERIFIED
426,2024-12-16,$45.24,SH NASHVILLE - OTHER,,https://pub-35015e19c4b442b9af31f1dfd941f47f.r2.dev/receipts/sh_nashville_other_2024-12-16_45_24.jpg,Yes,MISMATCH,,,VERIFIED
427,2024-12-17,$21.00,METROPOLIS PARKING,,https://pub-35015e19c4b442b9af31f1dfd941f47f.r2.dev/receipts/metropolis_parking_2024-12-17_21_0.jpg,Yes,VERIFIED,,,VERIFIED
428,2024-12-17,$80.70,TST*CROWS NEST,,https://pub-35015e19c4b442b9af31f1dfd941f47f.r2.dev/receipts/tstcrows_nest_2024-12-17_80_7.jpg,Yes,VERIFIED,,,VERIFIED
429,2024-12-18,$160.00,CHARTMETRIC,,https://pub-35015e19c4b442b9af31f1dfd941f47f.r2.dev/receipts/chartmetric_2024-12-18_160_0.jpg,Yes,VERIFIED,,,VERIFIED
430,2024-12-18,$15.99,METROPOLIS PARKING,,https://pub-35015e19c4b442b9af31f1dfd941f47f.r2.dev/receipts/metropolis_parking_2024-12-18_15_99_3.jpg,Yes,VERIFIED,,,VERIFIED
431,2024-12-18,$55.98,W NASHVILLE,,https://pub-35015e19c4b442b9af31f1dfd941f47f.r2.dev/receipts/w_nashville_2024-12-18_55_98.jpg,Yes,VERIFIED,,,VERIFIED
432,2024-12-18,$180.00,W NASHVILLE,,https://pub-35015e19c4b442b9af31f1dfd941f47f.r2.dev/receipts/w_nashville_2024-12-18_180_0.jpg,Yes,VERIFIED,,,VERIFIED
433,2024-12-19,$130.12,CORNER PUB,,https://pub-35015e19c4b442b9af31f1dfd941f47f.r2.dev/receipts/corner_pub_2024-12-19_130_12_3.jpg,Yes,MISMATCH,,,VERIFIED
434,2024-12-19,$16.29,METROPOLIS PARKING,,https://pub-35015e19c4b442b9af31f1dfd941f47f.r2.dev/receipts/metropolis_parking_2024-12-19_16_29.jpg,Yes,VERIFIED,,,VERIFIED
435,2024-12-19,$360.00,ROSTR PRO* TRIAL OVER,,https://pub-35015e19c4b442b9af31f1dfd941f47f.r2.dev/receipts/rostr_pro_trial_over_2024-12-19_360_0.jpg,Yes,VERIFIED,,,VERIFIED
436,2024-12-20,$20.68,SH NASHVILLE - OTHER,,https://pub-35015e19c4b442b9af31f1dfd941f47f.r2.dev/receipts/sh_nashville_other_2024-12-20_20_68.jpg,Yes,VERIFIED,,,VERIFIED
437,2024-12-20,$49.84,TST*GREEN HILLS GRILLE,,https://pub-35015e19c4b442b9af31f1dfd941f47f.r2.dev/receipts/tstgreen_hills_grille_2024-12-20_49_84_3.jpg,Yes,VERIFIED,,,VERIFIED
441,2024-12-24,$21.95,CLAUDE.AI SUBSCRIPTION,,https://pub-35015e19c4b442b9af31f1dfd941f47f.r2.dev/receipts/claudeai_subscription_2024-12-24_21_95.jpg,Yes,VERIFIED,,,VERIFIED
442,2024-12-24,$28.00,PIKA.ART,,https://pub-35015e19c4b442b9af31f1dfd941f47f.r2.dev/receipts/pikaart_2024-12-24_28_0.jpg,Yes,VERIFIED,,,VERIFIED
443,2024-12-25,$44.25,SHOEBOXED.* TRIAL PROF,,https://pub-35015e19c4b442b9af31f1dfd941f47f.r2.dev/receipts/shoeboxed_trial_prof_2024-12-25_44_25_3.jpg,Yes,RATE_LIMITED,,VERIFIED,VERIFIED
444,2024-12-28,$8.00,CARTA NORTH GARAGE,,,No,NO_RECEIPT,,,NO_RECEIPT
445,2024-12-30,$51.30,LITTLE CAESARS 1890-0003,,https://pub-35015e19c4b442b9af31f1dfd941f47f.r2.dev/receipts/little_caesars_1890_0003_2024-12-30_51_3.jpg,Yes,RATE_LIMITED,,VERIFIED,VERIFIED
446,2024-12-30,$32.93,MIDJOURNEY INC.,,https://pub-35015e19c4b442b9af31f1dfd941f47f.r2.dev/receipts/midjourney_inc_2024-12-30_32_93.jpg,Yes,RATE_LIMITED,,VERIFIED,VERIFIED
447,2025-01-01,$19.76,EXPENSIFY INC.,,https://pub-35015e19c4b442b9af31f1dfd941f47f.r2.dev/receipts/expensify_inc_2025-01-01_19_76_3.jpg,Yes,RATE_LIMITED,,VERIFIED,VERIFIED
448,2025-01-04,$78.36,DEL FRISCOS GRIL BRNTWOD,,https://pub-35015e19c4b442b9af31f1dfd941f47f.r2.dev/receipts/del_friscos_gril_brntwod_2025-01-04_78_36.jpg,Yes,RATE_LIMITED,,MISMATCH,VERIFIED
449,2025-01-04,$65.88,DEL FRISCOS GRIL BRNTWOD,,https://pub-35015e19c4b442b9af31f1dfd941f47f.r2.dev/receipts/del_friscos_gril_brntwod_2025-01-04_65_88.jpg,Yes,RATE_LIMITED,,MISMATCH,VERIFIED
450,2025-01-05,$155.60,THE GOAT MOUNT JULIET,,https://pub-35015e19c4b442b9af31f1dfd941f47f.r2.dev/receipts/the_goat_mount_juliet_2025-01-05_155_6.jpg,Yes,RATE_LIMITED,,VERIFIED,VERIFIED
451,2025-01-06,$18.47,METROPOLIS PARKING,,https://pub-35015e19c4b442b9af31f1dfd941f47f.r2.dev/receipts/metropolis_parking_2025-01-06_18_47.jpg,Yes,RATE_LIMITED,,VERIFIED,VERIFIED
452,2025-01-06,$15.99,METROPOLIS PARKING,,https://pub-35015e19c4b442b9af31f1dfd941f47f.r2.dev/receipts/metropolis_parking_2025-01-06_15_99_3.jpg,Yes,VERIFIED,,,VERIFIED
453,2025-01-06,$72.38,SH NASHVILLE - OTHER,,https://pub-35015e19c4b442b9af31f1dfd941f47f.r2.dev/receipts/sh_nashville_other_2025-01-06_72_38.jpg,Yes,MISMATCH,,,VERIFIED
454,2025-01-06,$13.50,THE DONELSON PUB,,https://pub-35015e19c4b442b9af31f1dfd941f47f.r2.dev/receipts/the_donelson_pub_2025-01-06_13_5.jpg,Yes,MISMATCH,,,VERIFIED
455,2025-01-06,$50.00,THE DONELSON PUB,,https://pub-35015e19c4b442b9af31f1dfd941f47f.r2.dev/receipts/the_donelson_pub_2025-01-06_50_0.jpg,Yes,VERIFIED,,,VERIFIED
457,2025-01-07,$16.54,SQ *MONAMIE COFFEE,,https://pub-35015e19c4b442b9af31f1dfd941f47f.r2.dev/receipts/sq_monamie_coffee_2025-01-07_16_54.jpg,Yes,VERIFIED,,,VERIFIED
458,2025-01-08,$10.00,CALENDARBRIDGE,,https://pub-35015e19c4b442b9af31f1dfd941f47f.r2.dev/receipts/calendarbridge_2025-01-08_10_0.jpg,Yes,MISMATCH,,,MISMATCH
459,2025-01-08,$17.88,METROPOLIS PARKING,,https://pub-35015e19c4b442b9af31f1dfd941f47f.r2.dev/receipts/metropolis_parking_2025-01-08_17_88.jpg,Yes,VERIFIED,,,VERIFIED
460,2025-01-08,$13.13,SPOTIFY USA,,https://pub-35015e19c4b442b9af31f1dfd941f47f.r2.dev/receipts/spotify_usa_2025-01-08_13_13_3.jpg,Yes,VERIFIED,,,VERIFIED
461,2025-01-08,$24.56,TST*DICEYS TAVERN - NAS,,https://pub-35015e19c4b442b9af31f1dfd941f47f.r2.dev/receipts/tstdiceys_tavern_nas_2025-01-08_24_56.png,Yes,,,VERIFIED,VERIFIED
462,2025-01-09,$21.00,METROPOLIS PARKING,,https://pub-35015e19c4b442b9af31f1dfd941f47f.r2.dev/receipts/metropolis_parking_2025-01-09_21_0.jpg,Yes,,,VERIFIED,VERIFIED
463,2025-01-09,$23.21,PMC - PAID PARKING,,https://pub-35015e19c4b442b9af31f1dfd941f47f.r2.dev/receipts/pmc_paid_parking_2025-01-09_23_21.png,Yes,,,VERIFIED,VERIFIED
466,2025-01-13,$9.00,SOURCEGRAPH INC,,https://pub-35015e19c4b442b9af31f1dfd941f47f.r2.dev/receipts/sourcegraph_inc_2025-01-13_9_0.jpg,Yes,,,MISMATCH,MISMATCH
467,2025-01-14,$5.00,CLOUDFLARE,,https://pub-35015e19c4b442b9af31f1dfd941f47f.r2.dev/receipts/cloudflare_2025-01-14_5_0.jpg,Yes,,,MISMATCH,MISMATCH
468,2025-01-14,$9.73,METROPOLIS PARKING,,https://pub-35015e19c4b442b9af31f1dfd941f47f.r2.dev/receipts/metropolis_parking_2025-01-14_9_73_3.jpg,Yes,,,VERIFIED,VERIFIED
469,2025-01-14,$26.22,PMC - PAID PARKING,,https://pub-35015e19c4b442b9af31f1dfd941f47f.r2.dev/receipts/pmc_paid_parking_2025-01-14_26_22.jpg,Yes,,,MISMATCH,VERIFIED
470,2025-01-15,$4.84,CLOUDFLARE,,https://pub-35015e19c4b442b9af31f1dfd941f47f.r2.dev/receipts/cloudflare_2025-01-15_4_84.jpg,Yes,,,VERIFIED,VERIFIED
471,2025-01-15,$50.28,JERSEY MIKES ONLINE UC,,https://pub-35015e19c4b442b9af31f1dfd941f47f.r2.dev/receipts/jersey_mikes_online_uc_2025-01-15_50_28_3.jpg,Yes,,,MISMATCH,VERIFIED
474,2025-01-16,$78.00,TST* MELROSE BILLIARD PAR,,https://pub-35015e19c4b442b9af31f1dfd941f47f.r2.dev/receipts/tst_melrose_billiard_par_2025-01-16_78_0.jpg,Yes,,,MISMATCH,VERIFIED
475,2025-01-17,$26.25,METROPOLIS PARKING,,https://pub-35015e19c4b442b9af31f1dfd941f47f.r2.dev/receipts/metropolis_parking_2025-01-17_26_25_3.jpg,Yes,,,VERIFIED,VERIFIED
476,2025-01-18,$160.00,CHARTMETRIC,,https://pub-35015e19c4b442b9af31f1dfd941f47f.r2.dev/receipts/chartmetric_2025-01-18_160_0.jpg,Yes,,,VERIFIED,VERIFIED
477,2025-01-18,$10.23,METROPOLIS PARKING,,https://pub-35015e19c4b442b9af31f1dfd941f47f.r2.dev/receipts/metropolis_parking_2025-01-18_10_23_3.jpg,Yes,,,VERIFIED,VERIFIED
479,2025-01-21,$7.76,SH NASHVILLE - OTHER,,https://pub-35015e19c4b442b9af31f1dfd941f47f.r2.dev/receipts/sh_nashville_other_2025-01-21_7_76.png,Yes,,,VERIFIED,VERIFIED
480,2025-01-21,$45.24,SH NASHVILLE - OTHER,,https://pub-35015e19c4b442b9af31f1dfd941f47f.r2.dev/receipts/sh_nashville_other_2025-01-21_45_24.PNG,Yes,,,MISMATCH,VERIFIED
481,2025-01-21,$15.51,SH NASHVILLE - OTHER,,https://pub-35015e19c4b442b9af31f1dfd941f47f.r2.dev/receipts/sh_nashville_other_2025-01-21_15_51.jpg,Yes,,,VERIFIED,VERIFIED
483,2025-01-22,$26.25,METROPOLIS PARKING,,https://pub-35015e19c4b442b9af31f1dfd941f47f.r2.dev/receipts/metropolis_parking_2025-01-22_26_25_3.jpg,Yes,,,VERIFIED,VERIFIED
484,2025-01-22,$52.99,SH NASHVILLE - OTHER,,https://pub-35015e19c4b442b9af31f1dfd941f47f.r2.dev/receipts/sh_nashville_other_2025-01-22_52_99.PNG,Yes,,,VERIFIED,VERIFIED
485,2025-01-22,$7.76,SH NASHVILLE - OTHER,,https://pub-35015e19c4b442b9af31f1dfd941f47f.r2.dev/receipts/sh_nashville_other_2025-01-22_7_76.png,Yes,,,MISMATCH,VERIFIED
486,2025-01-23,$26.25,METROPOLIS PARKING,,https://pub-35015e19c4b442b9af31f1dfd941f47f.r2.dev/receipts/metropolis_parking_2025-01-23_26_25_3.jpg,Yes,,,VERIFIED,VERIFIED
487,2025-01-24,$21.95,CLAUDE.AI SUBSCRIPTION,,https://pub-35015e19c4b442b9af31f1dfd941f47f.r2.dev/receipts/claudeai_subscription_2025-01-24_21_95.jpg,Yes,,,MISMATCH,VERIFIED
488,2025-01-24,$35.00,PIKA.ART,,https://pub-35015e19c4b442b9af31f1dfd941f47f.r2.dev/receipts/pikaart_2025-01-24_35_0.jpg,Yes,,,VERIFIED,VERIFIED
489,2025-01-25,$44.25,SHOEBOXED.COM,,https://pub-35015e19c4b442b9af31f1dfd941f47f.r2.dev/receipts/shoeboxedcom_2025-01-25_44_25.jpg,Yes,,,MISMATCH,MISMATCH
490,2025-01-29,$12.72,UBER *TRIP,,https://pub-35015e19c4b442b9af31f1dfd941f47f.r2.dev/receipts/uber_trip_2025-01-29_12_72_3.jpg,Yes,,,VERIFIED,VERIFIED
491,2025-01-30,$32.93,MIDJOURNEY INC.,,https://pub-35015e19c4b442b9af31f1dfd941f47f.r2.dev/receipts/midjourney_inc_2025-01-30_32_93.jpg,Yes,,,VERIFIED,VERIFIED
492,2025-01-30,$59.62,UBER *TRIP,,https://pub-35015e19c4b442b9af31f1dfd941f47f.r2.dev/receipts/uber_trip_2025-01-30_59_62.jpg,Yes,,,VERIFIED,VERIFIED
493,2025-02-01,$19.76,EXPENSIFY INC.,,https://pub-35015e19c4b442b9af31f1dfd941f47f.r2.dev/receipts/expensify_inc_2025-02-01_19_76_3.jpg,Yes,,,VERIFIED,VERIFIED
497,2025-02-05,$15.99,METROPOLIS PARKING,,https://pub-35015e19c4b442b9af31f1dfd941f47f.r2.dev/receipts/metropolis_parking_2025-02-05_15_99_3.jpg,Yes,,,VERIFIED,VERIFIED
498,2025-02-05,$8.40,PMC - PAID PARKING,,https://pub-35015e19c4b442b9af31f1dfd941f47f.r2.dev/receipts/pmc_paid_parking_2025-02-05_8_40.jpg,Yes,,,VERIFIED,VERIFIED
499,2025-02-05,$65.86,SH NASHVILLE F&AMP;B,,https://pub-35015e19c4b442b9af31f1dfd941f47f.r2.dev/receipts/sh_nashville_fampb_2025-02-05_65_86.jpg,Yes,,,MISMATCH,VERIFIED
500,2025-02-05,$105.38,TST*BROWNS DINER,,https://pub-35015e19c4b442b9af31f1dfd941f47f.r2.dev/receipts/tstbrowns_diner_2025-02-05_105_38.jpg,Yes,,,MISMATCH,VERIFIED
502,2025-02-07,$19.37,CHAR GREEN HILLS,,https://pub-35015e19c4b442b9af31f1dfd941f47f.r2.dev/receipts/char_green_hills_2025-02-07_19_37_3.jpg,Yes,,,MISMATCH,VERIFIED
504,2025-02-07,$38.73,FIRST WATCH - 0462,,https://pub-35015e19c4b442b9af31f1dfd941f47f.r2.dev/receipts/first_watch_0462_2025-02-07_38_73.jpg,Yes,,,MISMATCH,VERIFIED
505,2025-02-07,$17.29,PMC - PAID PARKING,,https://pub-35015e19c4b442b9af31f1dfd941f47f.r2.dev/receipts/pmc_paid_parking_2025-02-07_17_29.png,Yes,,,VERIFIED,VERIFIED
506,2025-02-07,$12.35,PMC - PAID PARKING,,https://pub-35015e19c4b442b9af31f1dfd941f47f.r2.dev/receipts/pmc_paid_parking_2025-02-07_12_35.png,Yes,,,VERIFIED,VERIFIED
507,2025-02-08,$10.00,CALENDARBRIDGE,,https://pub-35015e19c4b442b9af31f1dfd941f47f.r2.dev/receipts/calendarbridge_2025-02-08_10_0.jpg,Yes,,,VERIFIED,VERIFIED
508,2025-02-08,$13.13,SPOTIFY USA,,https://pub-35015e19c4b442b9af31f1dfd941f47f.r2.dev/receipts/spotify_usa_2025-02-08_13_13_3.jpg,Yes,,,VERIFIED,VERIFIED
509,2025-02-11,$24.05,4289 TONY &AMP; BENNYS,,https://pub-35015e19c4b442b9af31f1dfd941f47f.r2.dev/receipts/4289_tony_amp_bennys_2025-02-11_24_05_3.jpg,Yes,,,VERIFIED,VERIFIED
510,2025-02-11,$44.75,ARTHOUSE HOTEL NEW YORK C,,https://pub-35015e19c4b442b9af31f1dfd941f47f.r2.dev/receipts/arthouse_hotel_new_york_c_2025-02-11_44_75_3.jpg,Yes,,,VERIFIED,VERIFIED
512,2025-02-11,$14.24,SQ *BREADS BAKERY UPPER E,,https://pub-35015e19c4b442b9af31f1dfd941f47f.r2.dev/receipts/sq_breads_bakery_upper_e_2025-02-11_14_24_3.jpg,Yes,,,VERIFIED,VERIFIED
525,2025-02-13,$9.00,SOURCEGRAPH INC,,https://pub-35015e19c4b442b9af31f1dfd941f47f.r2.dev/receipts/sourcegraph_inc_2025-02-13_9_0.jpg,Yes,,,VERIFIED,VERIFIED
526,2025-02-14,$10.00,CLOUDFLARE,,https://pub-35015e19c4b442b9af31f1dfd941f47f.r2.dev/receipts/cloudflare_2025-02-14_10_0.jpg,Yes,,,MISMATCH,MISMATCH
527,2025-02-14,$55.95,UBER *TRIP,,https://pub-35015e19c4b442b9af31f1dfd941f47f.r2.dev/receipts/uber_trip_2025-02-14_55_95_3.jpg,Yes,,,VERIFIED,VERIFIED
533,2025-02-18,$57.62,UBER *TRIP,,https://pub-35015e19c4b442b9af31f1dfd941f47f.r2.dev/receipts/uber_trip_2025-02-18_57_62.jpg,Yes,,,MISMATCH,MISMATCH
535,2025-02-20,$7.79,SH NASHVILLE - OTHER,,https://pub-35015e19c4b442b9af31f1dfd941f47f.r2.dev/receipts/sh_nashville_other_2025-02-20_7_79.PNG,Yes,,,VERIFIED,VERIFIED
536,2025-02-20,$261.61,SH NASHVILLE F&AMP;B,,https://pub-35015e19c4b442b9af31f1dfd941f47f.r2.dev/receipts/sh_nashville_fampb_2025-02-20_261_61.jpg,Yes,,,MISMATCH,VERIFIED
537,2025-02-21,$26.25,METROPOLIS PARKING,,https://pub-35015e19c4b442b9af31f1dfd941f47f.r2.dev/receipts/metropolis_parking_2025-02-21_26_25_3.jpg,Yes,VERIFIED,,,VERIFIED
538,2025-02-24,$21.95,CLAUDE.AI SUBSCRIPTION,,https://pub-35015e19c4b442b9af31f1dfd941f47f.r2.dev/receipts/claudeai_subscription_2025-02-24_21_95.jpg,Yes,VERIFIED,,,VERIFIED
540,2025-02-25,$44.25,SHOEBOXED.COM,,https://pub-35015e19c4b442b9af31f1dfd941f47f.r2.dev/receipts/shoeboxedcom_2025-02-25_44_25_3.jpg,Yes,UNCLEAR,,VERIFIED,VERIFIED
541,2025-02-25,$49.61,TST* BOOTLEGGERS INN,,https://pub-35015e19c4b442b9af31f1dfd941f47f.r2.dev/receipts/tst_bootleggers_inn_2025-02-25_49_61.jpg,Yes,VERIFIED,,,VERIFIED
543,2025-02-26,$65.36,CORNER PUB,,https://pub-35015e19c4b442b9af31f1dfd941f47f.r2.dev/receipts/corner_pub_2025-02-26_65_36.jpg,Yes,RATE_LIMITED,,VERIFIED,VERIFIED
546,2025-02-26,$15.99,METROPOLIS PARKING,,https://pub-35015e19c4b442b9af31f1dfd941f47f.r2.dev/receipts/metropolis_parking_2025-02-26_15_99.jpg,Yes,VERIFIED,,,VERIFIED
547,2025-02-26,$85.64,SH NASHVILLE - OTHER,,https://pub-35015e19c4b442b9af31f1dfd941f47f.r2.dev/receipts/sh_nashville_other_2025-02-26_85_64.jpg,Yes,RATE_LIMITED,,MISMATCH,VERIFIED
549,2025-02-28,$9.73,METROPOLIS PARKING,,https://pub-35015e19c4b442b9af31f1dfd941f47f.r2.dev/receipts/metropolis_parking_2025-02-28_9_73_3.jpg,Yes,RATE_LIMITED,,VERIFIED,VERIFIED
550,2025-02-28,$32.93,MIDJOURNEY INC.,,https://pub-35015e19c4b442b9af31f1dfd941f47f.r2.dev/receipts/midjourney_inc_2025-02-28_32_93.jpg,Yes,RATE_LIMITED,,MISMATCH,VERIFIED
558,2025-03-06,$26.18,PMC - PAID PARKING,,https://pub-35015e19c4b442b9af31f1dfd941f47f.r2.dev/receipts/pmc_paid_parking_2025-03-06_26_18.png,Yes,RATE_LIMITED,,VERIFIED,VERIFIED
559,2025-03-06,$29.63,PMC - PAID PARKING,,https://pub-35015e19c4b442b9af31f1dfd941f47f.r2.dev/receipts/pmc_paid_parking_2025-03-06_29_63.jpg,Yes,RATE_LIMITED,,VERIFIED,VERIFIED
560,2025-03-06,$49.31,SH NASHVILLE - OTHER,,https://pub-35015e19c4b442b9af31f1dfd941f47f.r2.dev/receipts/sh_nashville_other_2025-03-06_49_31.PNG,Yes,RATE_LIMITED,,VERIFIED,VERIFIED
561,2025-03-06,$23.36,SH NASHVILLE - OTHER,,https://pub-35015e19c4b442b9af31f1dfd941f47f.r2.dev/receipts/sh_nashville_other_2025-03-06_23_36.jpg,Yes,RATE_LIMITED,,VERIFIED,VERIFIED
562,2025-03-06,$30.92,TST* JUST LOVE COFFEE - M,,https://pub-35015e19c4b442b9af31f1dfd941f47f.r2.dev/receipts/tst_just_love_coffee_m_2025-03-06_30_92.jpg,Yes,RATE_LIMITED,,VERIFIED,VERIFIED
566,2025-03-07,$4.88,LAZ PARKING M32180-FLOWB,,https://pub-35015e19c4b442b9af31f1dfd941f47f.r2.dev/receipts/laz_parking_m32180_flowb_2025-03-07_4_88.jpg,Yes,RATE_LIMITED,,MISMATCH,VERIFIED
567,2025-03-08,$10.00,CALENDARBRIDGE,,https://pub-35015e19c4b442b9af31f1dfd941f47f.r2.dev/receipts/calendarbridge_2025-03-08_10_0.jpg,Yes,RATE_LIMITED,,VERIFIED,VERIFIED
568,2025-03-08,$13.13,SPOTIFY USA,,https://pub-35015e19c4b442b9af31f1dfd941f47f.r2.dev/receipts/spotify_usa_2025-03-08_13_13_3.jpg,Yes,RATE_LIMITED,,VERIFIED,VERIFIED
569,2025-03-09,$112.84,SH NASHVILLE - OTHER,,https://pub-35015e19c4b442b9af31f1dfd941f47f.r2.dev/receipts/sh_nashville_other_2025-03-09_112_84.jpg,Yes,MISMATCH,,,VERIFIED
572,2025-03-13,$36.75,METROPOLIS PARKING,,https://pub-35015e19c4b442b9af31f1dfd941f47f.r2.dev/receipts/metropolis_parking_2025-03-13_36_75_3.jpg,Yes,VERIFIED,,,VERIFIED
573,2025-03-13,$9.00,SOURCEGRAPH INC,,https://pub-35015e19c4b442b9af31f1dfd941f47f.r2.dev/receipts/sourcegraph_inc_2025-03-13_9_0.jpg,Yes,MISMATCH,,,VERIFIED
574,2025-03-13,$55.91,UNCLE JULIO'S BRENTWOOD,,,No,NO_RECEIPT,,,NO_RECEIPT
575,2025-03-14,$10.00,CLOUDFLARE,,https://pub-35015e19c4b442b9af31f1dfd941f47f.r2.dev/receipts/cloudflare_2025-03-14_10_0.jpg,Yes,MISMATCH,,,MISMATCH
580,2025-03-21,$9.00,HUGGINGFACE,,https://pub-35015e19c4b442b9af31f1dfd941f47f.r2.dev/receipts/huggingface_2025-03-21_9_0.jpg,Yes,VERIFIED,,,VERIFIED
581,2025-03-21,$15.99,METROPOLIS PARKING,,https://pub-35015e19c4b442b9af31f1dfd941f47f.r2.dev/receipts/metropolis_parking_2025-03-21_15_99_3.jpg,Yes,MISMATCH,,,MISMATCH
583,2025-03-22,$46.45,TST* TWO HANDS - NASHVILL,,https://pub-35015e19c4b442b9af31f1dfd941f47f.r2.dev/receipts/tst_two_hands_nashvill_2025-03-22_46_45.jpg,Yes,VERIFIED,,,VERIFIED
587,2025-03-24,$21.95,CLAUDE.AI SUBSCRIPTION,,https://pub-35015e19c4b442b9af31f1dfd941f47f.r2.dev/receipts/claudeai_subscription_2025-03-24_21_95.jpg,Yes,VERIFIED,,,VERIFIED
588,2025-03-24,$26.65,DD *DOORDASH SHIPLEYDO,,https://pub-35015e19c4b442b9af31f1dfd941f47f.r2.dev/receipts/dd_doordash_shipleydo_2025-03-24_26_65.jpg,Yes,VERIFIED,,,VERIFIED
590,2025-03-25,$66.83,12 SOUTH TAPROOM &AMP; GRILL,,https://pub-35015e19c4b442b9af31f1dfd941f47f.r2.dev/receipts/12_south_taproom_amp_grill_2025-03-25_66_83.jpg,Yes,VERIFIED,,,VERIFIED
591,2025-03-25,$36.72,METROPOLIS PARKING,,https://pub-35015e19c4b442b9af31f1dfd941f47f.r2.dev/receipts/metropolis_parking_2025-03-25_36_72.jpg,Yes,VERIFIED,,,VERIFIED
592,2025-03-25,$48.00,OBSIDIAN.MD,,https://pub-35015e19c4b442b9af31f1dfd941f47f.r2.dev/receipts/obsidianmd_2025-03-25_48_0.jpg,Yes,VERIFIED,,,VERIFIED
593,2025-03-25,$30.73,PMC - PAID PARKING,,https://pub-35015e19c4b442b9af31f1dfd941f47f.r2.dev/receipts/pmc_paid_parking_2025-03-25_30_73.png,Yes,VERIFIED,,,VERIFIED
595,2025-03-28,$299.88,ELEMENTOR.COM,,https://pub-35015e19c4b442b9af31f1dfd941f47f.r2.dev/receipts/elementorcom_2025-03-28_299_88.jpg,Yes,MISMATCH,,,VERIFIED
596,2025-03-28,$15.00,ENVATO *70322639,,,No,NO_RECEIPT,,,NO_RECEIPT
598,2025-03-29,$47.88,ELEMENTOR.COM,,https://pub-35015e19c4b442b9af31f1dfd941f47f.r2.dev/receipts/elementor-invoice-ZINV00318467.jpg,Yes,RATE_LIMITED,,VERIFIED,VERIFIED
600,2025-03-30,$32.93,MIDJOURNEY INC.,,https://pub-35015e19c4b442b9af31f1dfd941f47f.r2.dev/receipts/midjourney_inc_2025-03-30_32_93.jpg,Yes,RATE_LIMITED,,VERIFIED,VERIFIED
602,2025-03-31,$21.00,METROPOLIS PARKING,,https://pub-35015e19c4b442b9af31f1dfd941f47f.r2.dev/receipts/metropolis_parking_2025-03-31_21_0.jpg,Yes,RATE_LIMITED,,VERIFIED,VERIFIED
603,2025-03-31,$36.88,SH NASHVILLE F&AMP;B,,https://pub-35015e19c4b442b9af31f1dfd941f47f.r2.dev/receipts/sh_nashville_fampb_2025-03-31_36_88.jpg,Yes,RATE_LIMITED,,VERIFIED,VERIFIED
604,2025-04-01,$27.44,ANTHROPIC,,https://pub-35015e19c4b442b9af31f1dfd941f47f.r2.dev/receipts/anthropic_2025-04-01_27_44.jpg,Yes,RATE_LIMITED,,VERIFIED,VERIFIED
605,2025-04-01,$19.76,EXPENSIFY INC.,,https://pub-35015e19c4b442b9af31f1dfd941f47f.r2.dev/receipts/expensify_inc_2025-04-01_19_76_3.jpg,Yes,RATE_LIMITED,,VERIFIED,VERIFIED
607,2025-04-02,$109.75,ANTHROPIC,,https://pub-35015e19c4b442b9af31f1dfd941f47f.r2.dev/receipts/anthropic_2025-04-02_109_75.jpg,Yes,VERIFIED,,,VERIFIED
608,2025-04-02,$27.44,ANTHROPIC,,https://pub-35015e19c4b442b9af31f1dfd941f47f.r2.dev/receipts/anthropic_2025-04-02_27_44.jpg,Yes,VERIFIED,,,VERIFIED
609,2025-04-04,$15.15,METROPOLIS PARKING,,https://pub-35015e19c4b442b9af31f1dfd941f47f.r2.dev/receipts/metropolis_parking_2025-04-04_15_15.jpg,Yes,MISMATCH,,,MISMATCH
610,2025-04-04,$26.25,METROPOLIS PARKING,,https://pub-35015e19c4b442b9af31f1dfd941f47f.r2.dev/receipts/metropolis_parking_2025-04-04_26_25_3.jpg,Yes,MISMATCH,,,VERIFIED
612,2025-04-04,$33.74,SH NASHVILLE - OTHER,,https://pub-35015e19c4b442b9af31f1dfd941f47f.r2.dev/receipts/sh_nashville_other_2025-04-04_33_74.PNG,Yes,VERIFIED,,,VERIFIED
613,2025-04-04,$11.68,SH NASHVILLE - OTHER,,https://pub-35015e19c4b442b9af31f1dfd941f47f.r2.dev/receipts/sh_nashville_other_2025-04-04_11_68.jpg,Yes,MISMATCH,,,VERIFIED
614,2025-04-04,$37.63,SH NASHVILLE - OTHER,,https://pub-35015e19c4b442b9af31f1dfd941f47f.r2.dev/receipts/sh_nashville_other_2025-04-04_37_63.jpg,Yes,MISMATCH,,,VERIFIED
621,2025-04-08,$10.00,CALENDARBRIDGE,,https://pub-35015e19c4b442b9af31f1dfd941f47f.r2.dev/receipts/calendarbridge_2025-04-08_10_0.jpg,Yes,VERIFIED,,,VERIFIED
622,2025-04-08,$13.13,SPOTIFY USA,,https://pub-35015e19c4b442b9af31f1dfd941f47f.r2.dev/receipts/spotify_usa_2025-04-08_13_13_3.jpg,Yes,VERIFIED,,,VERIFIED
623,2025-04-08,$92.19,TOPAZ LABS SOFTWARE,,https://pub-35015e19c4b442b9af31f1dfd941f47f.r2.dev/receipts/topaz_labs_software_2025-04-08_92_19.jpg,Yes,VERIFIED,,,VERIFIED
624,2025-04-10,$32.44,SH NASHVILLE - OTHER,,https://pub-35015e19c4b442b9af31f1dfd941f47f.r2.dev/receipts/sh_nashville_other_2025-04-10_32_44.PNG,Yes,VERIFIED,,,VERIFIED
625,2025-04-10,$217.40,TST*GREEN HILLS GRILLE,,https://pub-35015e19c4b442b9af31f1dfd941f47f.r2.dev/receipts/tstgreen_hills_grille_2025-04-10_217_4.jpg,Yes,MISMATCH,,,MISMATCH
627,2025-04-11,$21.00,METROPOLIS PARKING,,https://pub-35015e19c4b442b9af31f1dfd941f47f.r2.dev/receipts/metropolis_parking_2025-04-11_21_0.jpg,Yes,VERIFIED,,,VERIFIED
629,2025-04-12,$318.28,KIT.COM,,https://pub-35015e19c4b442b9af31f1dfd941f47f.r2.dev/receipts/kitcom_2025-04-12_318_28.jpg,Yes,RATE_LIMITED,,MISMATCH,VERIFIED
631,2025-04-12,$11.27,TST*WHITE RHINO COFFEE -,,https://pub-35015e19c4b442b9af31f1dfd941f47f.r2.dev/receipts/tstwhite_rhino_coffee_2025-04-12_11_27.jpg,Yes,RATE_LIMITED,,MISMATCH,VERIFIED
636,2025-04-13,$25.05,DD *DOORDASH BROTHERSP,,https://pub-35015e19c4b442b9af31f1dfd941f47f.r2.dev/receipts/dd_doordash_brothersp_2025-04-13_25_05_3.jpg,Yes,RATE_LIMITED,,VERIFIED,VERIFIED
639,2025-04-13,$9.00,SOURCEGRAPH INC,,https://pub-35015e19c4b442b9af31f1dfd941f47f.r2.dev/receipts/sourcegraph_inc_2025-04-13_9_0.jpg,Yes,RATE_LIMITED,,VERIFIED,VERIFIED
641,2025-04-14,$10.00,CLOUDFLARE,,https://pub-35015e19c4b442b9af31f1dfd941f47f.r2.dev/receipts/cloudflare_2025-04-14_10_0.jpg,Yes,RATE_LIMITED,,MISMATCH,MISMATCH
652,2025-04-22,$9.00,HUGGINGFACE,,https://pub-35015e19c4b442b9af31f1dfd941f47f.r2.dev/receipts/huggingface_2025-04-22_9_0.jpg,Yes,RATE_LIMITED,,VERIFIED,VERIFIED
654,2025-04-24,$21.95,CLAUDE.AI SUBSCRIPTION,,https://pub-35015e19c4b442b9af31f1dfd941f47f.r2.dev/receipts/claudeai_subscription_2025-04-24_21_95.jpg,Yes,RATE_LIMITED,,VERIFIED,VERIFIED
667,2025-04-30,$5.00,EVERY STUDIO,,https://pub-35015e19c4b442b9af31f1dfd941f47f.r2.dev/receipts/every_studio_2025-04-30_5_0.jpg,Yes,RATE_LIMITED,,VERIFIED,VERIFIED
668,2025-04-30,$32.93,MIDJOURNEY INC.,,https://pub-35015e19c4b442b9af31f1dfd941f47f.r2.dev/receipts/midjourney_inc_2025-04-30_32_93.jpg,Yes,RATE_LIMITED,,VERIFIED,VERIFIED
669,2025-04-30,$62.28,SH NASHVILLE - OTHER,,https://pub-35015e19c4b442b9af31f1dfd941f47f.r2.dev/receipts/sh_nashville_other_2025-04-30_62_28.jpg,Yes,RATE_LIMITED,,VERIFIED,VERIFIED
670,2025-04-30,$7.67,SH NASHVILLE - OTHER,,https://pub-35015e19c4b442b9af31f1dfd941f47f.r2.dev/receipts/sh_nashville_other_2025-04-30_7_67.PNG,Yes,RATE_LIMITED,,VERIFIED,VERIFIED
671,2025-04-30,$7.79,SH NASHVILLE - OTHER,,https://pub-35015e19c4b442b9af31f1dfd941f47f.r2.dev/receipts/sh_nashville_other_2025-04-30_7_79.PNG,Yes,RATE_LIMITED,,VERIFIED,VERIFIED
672,2025-05-01,$19.76,EXPENSIFY INC.,,https://pub-35015e19c4b442b9af31f1dfd941f47f.r2.dev/receipts/expensify_inc_2025-05-01_19_76_3.jpg,Yes,RATE_LIMITED,,VERIFIED,VERIFIED
674,2025-05-02,$54.90,ANTHROPIC,,https://pub-35015e19c4b442b9af31f1dfd941f47f.r2.dev/receipts/anthropic_2025-05-02_54_9.jpg,Yes,RATE_LIMITED,,VERIFIED,VERIFIED
681,2025-05-08,$10.00,CALENDARBRIDGE,,https://pub-35015e19c4b442b9af31f1dfd941f47f.r2.dev/receipts/calendarbridge_2025-05-08_10_0.jpg,Yes,RATE_LIMITED,,VERIFIED,VERIFIED
682,2025-05-08,$13.13,SPOTIFY USA,,https://pub-35015e19c4b442b9af31f1dfd941f47f.r2.dev/receipts/spotify_usa_2025-05-08_13_13.jpg,Yes,RATE_LIMITED,,MISMATCH,MISMATCH
683,2025-05-09,$7.38,LAZ PARKING M32180-FLOWB,,https://pub-35015e19c4b442b9af31f1dfd941f47f.r2.dev/receipts/laz_parking_m32180_flowb_2025-05-09_7_38.jpg,Yes,RATE_LIMITED,,VERIFIED,VERIFIED
684,2025-05-09,$28.45,VIRGIN HOTEL - COMMONS,,https://pub-35015e19c4b442b9af31f1dfd941f47f.r2.dev/receipts/virgin_hotel_commons_2025-05-09_28_45.jpg,Yes,RATE_LIMITED,,VERIFIED,VERIFIED
685,2025-05-10,$20.00,VZWRLSS*PREPAID PYMNT,,https://pub-35015e19c4b442b9af31f1dfd941f47f.r2.dev/receipts/vzwrlssprepaid_pymnt_2025-05-10_20_0.jpg,Yes,RATE_LIMITED,,MISMATCH,MISMATCH
687,2025-05-13,$9.00,SOURCEGRAPH INC,,https://pub-35015e19c4b442b9af31f1dfd941f47f.r2.dev/receipts/sourcegraph_inc_2025-05-13_9_0.jpg,Yes,RATE_LIMITED,,VERIFIED,VERIFIED
688,2025-05-13,$120.00,TASKADE,,https://pub-35015e19c4b442b9af31f1dfd941f47f.r2.dev/receipts/taskade_2025-05-13_120_0.jpg,Yes,RATE_LIMITED,,VERIFIED,VERIFIED
690,2025-05-14,$10.00,CLOUDFLARE,,https://pub-35015e19c4b442b9af31f1dfd941f47f.r2.dev/receipts/cloudflare_2025-05-14_10_0.jpg,Yes,RATE_LIMITED,,VERIFIED,VERIFIED
691,2025-05-14,$49.00,RESPONSIVE-MENU-PRO-4,,https://pub-35015e19c4b442b9af31f1dfd941f47f.r2.dev/receipts/responsive_menu_pro_4_2025-05-14_49_0.jpg,Yes,RATE_LIMITED,,MISMATCH,MISMATCH
694,2025-05-15,$60.00,AI.FYXER.COM,,https://pub-35015e19c4b442b9af31f1dfd941f47f.r2.dev/receipts/aifyxercom_2025-05-15_60_0.jpg,Yes,RATE_LIMITED,,MISMATCH,MISMATCH
695,2025-05-15,$54.86,ELEMENTOR.COM,,https://pub-35015e19c4b442b9af31f1dfd941f47f.r2.dev/receipts/elementorcom_2025-05-15_54_86.jpg,Yes,RATE_LIMITED,,MISMATCH,MISMATCH
702,2025-05-23,$9.00,HUGGINGFACE,,https://pub-35015e19c4b442b9af31f1dfd941f47f.r2.dev/receipts/huggingface_2025-05-23_9_0.jpg,Yes,RATE_LIMITED,,MISMATCH,VERIFIED
703,2025-05-24,$21.95,CLAUDE.AI SUBSCRIPTION,,https://pub-35015e19c4b442b9af31f1dfd941f47f.r2.dev/receipts/claudeai_subscription_2025-05-24_21_95.jpg,Yes,RATE_LIMITED,,VERIFIED,VERIFIED
705,2025-05-26,$9.99,COWBOY CHANNEL PLUS,,https://pub-35015e19c4b442b9af31f1dfd941f47f.r2.dev/receipts/cowboy_channel_plus_2025-05-26_9_99_3.jpg,Yes,RATE_LIMITED,,MISMATCH,MISMATCH
710,2025-05-30,$5.00,EVERY STUDIO,,https://pub-35015e19c4b442b9af31f1dfd941f47f.r2.dev/receipts/every_studio_2025-05-30_5_0.jpg,Yes,RATE_LIMITED,,VERIFIED,VERIFIED
711,2025-05-30,$32.93,MIDJOURNEY INC.,,https://pub-35015e19c4b442b9af31f1dfd941f47f.r2.dev/receipts/midjourney_inc_2025-05-30_32_93.jpg,Yes,RATE_LIMITED,,VERIFIED,VERIFIED
713,2025-05-31,$65.84,DASHLANE U* DASHLANE P,,https://pub-35015e19c4b442b9af31f1dfd941f47f.r2.dev/receipts/dashlane_u_dashlane_p_2025-05-31_65_84_3.jpg,Yes,RATE_LIMITED,,VERIFIED,VERIFIED
716,2025-06-01,$19.76,EXPENSIFY INC.,,https://pub-35015e19c4b442b9af31f1dfd941f47f.r2.dev/receipts/expensify_inc_2025-06-01_19_76_3.jpg,Yes,RATE_LIMITED,,VERIFIED,VERIFIED
719,2025-06-04,$79.25,CORNER PUB,,https://pub-35015e19c4b442b9af31f1dfd941f47f.r2.dev/receipts/corner_pub_2025-06-04_79_25_3.jpg,Yes,RATE_LIMITED,,VERIFIED,VERIFIED
724,2025-06-08,$10.00,CALENDARBRIDGE,,https://pub-35015e19c4b442b9af31f1dfd941f47f.r2.dev/receipts/calendarbridge_2025-06-08_10_0.jpg,Yes,RATE_LIMITED,,VERIFIED,VERIFIED
726,2025-06-08,$13.13,SPOTIFY USA,,https://pub-35015e19c4b442b9af31f1dfd941f47f.r2.dev/receipts/spotify_usa_2025-06-08_13_13_3.jpg,Yes,RATE_LIMITED,,MISMATCH,VERIFIED
727,2025-06-08,$20.00,VZWRLSS*PRPAY AUTOPAY,,,No,NO_RECEIPT,,,NO_RECEIPT
729,2025-06-13,$9.00,SOURCEGRAPH INC,,https://pub-35015e19c4b442b9af31f1dfd941f47f.r2.dev/receipts/sourcegraph_inc_2025-06-13_9_0.jpg,Yes,RATE_LIMITED,,VERIFIED,VERIFIED
730,2025-06-13,$5.84,TST*THE FLOWER KITCHEN,,https://pub-35015e19c4b442b9af31f1dfd941f47f.r2.dev/receipts/tstthe_flower_kitchen_2025-06-13_5_84.jpg,Yes,RATE_LIMITED,,MISMATCH,VERIFIED
731,2025-06-14,$10.00,CLOUDFLARE,,https://pub-35015e19c4b442b9af31f1dfd941f47f.r2.dev/receipts/cloudflare_2025-06-14_10_0.jpg,Yes,RATE_LIMITED,,MISMATCH,VERIFIED
738,2025-06-24,$21.95,CLAUDE.AI SUBSCRIPTION,,https://pub-35015e19c4b442b9af31f1dfd941f47f.r2.dev/receipts/claudeai_subscription_2025-06-24_21_95.jpg,Yes,RATE_LIMITED,,VERIFIED,VERIFIED
739,2025-06-24,$9.00,HUGGINGFACE,,https://pub-35015e19c4b442b9af31f1dfd941f47f.r2.dev/receipts/huggingface_2025-06-24_9_0.jpg,Yes,RATE_LIMITED,,MISMATCH,VERIFIED
742,2025-06-27,$32.32,PMC - PAID PARKING,,https://pub-35015e19c4b442b9af31f1dfd941f47f.r2.dev/receipts/pmc_paid_parking_2025-06-27_32_32.png,Yes,RATE_LIMITED,,VERIFIED,VERIFIED
744,2025-06-30,$32.93,MIDJOURNEY INC.,,https://pub-35015e19c4b442b9af31f1dfd941f47f.r2.dev/receipts/midjourney_inc_2025-06-30_32_93.jpg,Yes,RATE_LIMITED,,VERIFIED,VERIFIED
745,2025-07-01,$19.76,EXPENSIFY INC.,,https://pub-35015e19c4b442b9af31f1dfd941f47f.r2.dev/receipts/expensify_inc_2025-07-01_19_76_3.jpg,Yes,RATE_LIMITED,,VERIFIED,VERIFIED
748,2025-07-08,$37.67,MONGODBCLOUD BRIANS...,,https://pub-35015e19c4b442b9af31f1dfd941f47f.r2.dev/receipts/mongodbcloud_brians_2025-07-08_37_67_3.jpg,Yes,RATE_LIMITED,,MISMATCH,MISMATCH
749,2025-07-08,$13.13,SPOTIFY USA,,https://pub-35015e19c4b442b9af31f1dfd941f47f.r2.dev/receipts/spotify_usa_2025-07-08_13_13_3.jpg,Yes,RATE_LIMITED,,MISMATCH,VERIFIED
751,2025-07-11,$5.00,EVERY STUDIO,,https://pub-35015e19c4b442b9af31f1dfd941f47f.r2.dev/receipts/every_studio_2025-07-11_5_0.jpg,Yes,RATE_LIMITED,,VERIFIED,VERIFIED
753,2025-07-14,$10.00,CLOUDFLARE,,https://pub-35015e19c4b442b9af31f1dfd941f47f.r2.dev/receipts/cloudflare_2025-07-14_10_0.jpg,Yes,RATE_LIMITED,,VERIFIED,VERIFIED
757,2025-07-21,$75.56,TST*LEMONGRASS SUSHI AND,,https://pub-35015e19c4b442b9af31f1dfd941f47f.r2.dev/receipts/tstlemongrass_sushi_and_2025-07-21_75_56_3.jpg,Yes,RATE_LIMITED,,MISMATCH,VERIFIED
758,2025-07-24,$21.95,CLAUDE.AI SUBSCRIPTION,,https://pub-35015e19c4b442b9af31f1dfd941f47f.r2.dev/receipts/claudeai_subscription_2025-07-24_21_95.jpg,Yes,RATE_LIMITED,,MISMATCH,VERIFIED
759,2025-07-24,$23.45,VZWRLSS*ETM SCT1456901,,https://pub-35015e19c4b442b9af31f1dfd941f47f.r2.dev/receipts/vzwrlssetm_sct1456901_2025-07-24_23_45.jpg,Yes,RATE_LIMITED,,VERIFIED,VERIFIED
760,2025-07-25,$9.00,HUGGINGFACE,,https://pub-35015e19c4b442b9af31f1dfd941f47f.r2.dev/receipts/huggingface_2025-07-25_9_0.jpg,Yes,RATE_LIMITED,,VERIFIED,VERIFIED
762,2025-07-28,$0.75,HIVE CO,,https://pub-35015e19c4b442b9af31f1dfd941f47f.r2.dev/receipts/hive_co_2025-07-28_0_75_3.jpg,Yes,RATE_LIMITED,,MISMATCH,MISMATCH
763,2025-07-30,$5.00,EVERY STUDIO,,https://pub-35015e19c4b442b9af31f1dfd941f47f.r2.dev/receipts/every_studio_2025-07-30_5_0.jpg,Yes,RATE_LIMITED,,MISMATCH,VERIFIED
764,2025-07-30,$20.00,VZWRLSS*PREPAID PYMNT,,https://pub-35015e19c4b442b9af31f1dfd941f47f.r2.dev/receipts/vzwrlssprepaid_pymnt_2025-07-30_20_0.jpg,Yes,RATE_LIMITED,,MISMATCH,MISMATCH
765,2025-08-01,$19.76,EXPENSIFY INC.,,https://pub-35015e19c4b442b9af31f1dfd941f47f.r2.dev/receipts/expensify_inc_2025-08-01_19_76_3.jpg,Yes,RATE_LIMITED,,VERIFIED,VERIFIED
766,2025-08-02,$30.16,MONGODBCLOUD BRIANS...,,https://pub-35015e19c4b442b9af31f1dfd941f47f.r2.dev/receipts/mongodbcloud_brians_2025-08-02_30_16_3.jpg,Yes,RATE_LIMITED,,MISMATCH,MISMATCH
771,2025-08-08,$49.25,SODEXO AT BELMONT UNIVER,,https://pub-35015e19c4b442b9af31f1dfd941f47f.r2.dev/receipts/sodexo_at_belmont_univer_2025-08-08_49_25.jpg,Yes,RATE_LIMITED,,VERIFIED,VERIFIED
772,2025-08-08,$13.13,SPOTIFY USA,,https://pub-35015e19c4b442b9af31f1dfd941f47f.r2.dev/receipts/spotify_usa_2025-08-08_13_13_3.jpg,Yes,VERIFIED,,,VERIFIED
773,2025-08-09,$40.39,PMC - PAID PARKING,,https://pub-35015e19c4b442b9af31f1dfd941f47f.r2.dev/receipts/pmc_paid_parking_2025-08-09_40_39_3.jpg,Yes,MISMATCH,,,MISMATCH
775,2025-08-14,$10.00,CLOUDFLARE,,https://pub-35015e19c4b442b9af31f1dfd941f47f.r2.dev/receipts/cloudflare_2025-08-14_10_00.jpg,Yes,MISMATCH,,,MISMATCH
778,2025-08-16,$19.99,DAVINCI AI,,https://pub-35015e19c4b442b9af31f1dfd941f47f.r2.dev/receipts/davinci_ai_2025-08-16_19_99.jpg,Yes,VERIFIED,,,VERIFIED
780,2025-08-24,$21.95,CLAUDE.AI SUBSCRIPTION,,https://pub-35015e19c4b442b9af31f1dfd941f47f.r2.dev/receipts/claudeai_subscription_2025-08-24_21_95.jpg,Yes,VERIFIED,,,VERIFIED
782,2025-08-26,$9.00,HUGGINGFACE,,https://pub-35015e19c4b442b9af31f1dfd941f47f.r2.dev/receipts/huggingface_2025-08-26_9_0.jpg,Yes,VERIFIED,,,VERIFIED
784,2025-08-28,$20.00,IDEOGRAM AI,,https://pub-35015e19c4b442b9af31f1dfd941f47f.r2.dev/receipts/ideogram_ai_2025-08-28_20_0.jpg,Yes,VERIFIED,,,VERIFIED
785,2025-08-30,$5.00,EVERY STUDIO,,https://pub-35015e19c4b442b9af31f1dfd941f47f.r2.dev/receipts/every_studio_2025-08-30_5_0.jpg,Yes,VERIFIED,,,VERIFIED
786,2025-09-01,$19.76,EXPENSIFY INC.,,https://pub-35015e19c4b442b9af31f1dfd941f47f.r2.dev/receipts/expensify_inc_2025-09-01_19_76_3.jpg,Yes,VERIFIED,,,VERIFIED
791,2025-10-03,$20.00,IDEOGRAM AI,,https://pub-35015e19c4b442b9af31f1dfd941f47f.r2.dev/receipts/ideogram_ai_2025-10-03_20_0.png,Yes,RATE_LIMITED,,VERIFIED,VERIFIED
792,2025-10-04,$5.68,ANTHROPIC,,https://pub-35015e19c4b442b9af31f1dfd941f47f.r2.dev/receipts/anthropic_2025-10-04_5_68.png,Yes,RATE_LIMITED,,VERIFIED,VERIFIED
796,2025-10-21,$334.00,CLEAR *CLEARME.COM,,https://pub-35015e19c4b442b9af31f1dfd941f47f.r2.dev/receipts/clear_clearmecom_2025-10-21_334_0.jpg,Yes,RATE_LIMITED,,VERIFIED,VERIFIED
799,2025-11-01,$52.68,NOTION LABS INC.,,https://pub-35015e19c4b442b9af31f1dfd941f47f.r2.dev/receipts/notion_labs_inc_2025-11-01_52_68.jpg,Yes,RATE_LIMITED,,VERIFIED,VERIFIED
801,2024-07-12,$9.29,PMC - PAID PARKING,,https://pub-35015e19c4b442b9af31f1dfd941f47f.r2.dev/receipts/pmc_paid_parking_2024-07-12_9_29.png,Yes,RATE_LIMITED,,VERIFIED,VERIFIED
802,2024-08-06,$21.00,METROPOLIS PARKING,,https://pub-35015e19c4b442b9af31f1dfd941f47f.r2.dev/receipts/metropolis_parking_2024-08-06_21_00.jpg,Yes,RATE_LIMITED,,VERIFIED,VERIFIED
803,2024-09-28,$25.00,IM-ADA.AI,,https://pub-35015e19c4b442b9af31f1dfd941f47f.r2.dev/receipts/im_adaai_2024-09-28_25_0.jpg,Yes,RATE_LIMITED,,VERIFIED,VERIFIED
804,2024-10-16,$26.22,PMC - PAID PARKING,,https://pub-35015e19c4b442b9af31f1dfd941f47f.r2.dev/receipts/pmc_paid_parking_2024-10-16_26_22.png,Yes,RATE_LIMITED,,VERIFIED,VERIFIED
805,2024-10-18,$25.00,IM-ADA.AI,,https://pub-35015e19c4b442b9af31f1dfd941f47f.r2.dev/receipts/im_adaai_2024-10-18_25_0.jpg,Yes,RATE_LIMITED,,MISMATCH,VERIFIED
806,2024-10-21,$50.00,IM-ADA.AI,,https://pub-35015e19c4b442b9af31f1dfd941f47f.r2.dev/receipts/im_adaai_2024-10-21_50_0.jpg,Yes,VERIFIED,,,VERIFIED
811,2024-09-28,$25.00,IM-ADA.AI,,https://pub-35015e19c4b442b9af31f1dfd941f47f.r2.dev/receipts/im_adaai_2024-09-28_25_0_2.jpg,Yes,RATE_LIMITED,,VERIFIED,VERIFIED
812,2024-09-28,$25.00,IM-ADA.AI,,https://pub-35015e19c4b442b9af31f1dfd941f47f.r2.dev/receipts/im_adaai_2024-09-28_25_0_3.jpg,Yes,RATE_LIMITED,,VERIFIED,VERIFIED
813,2024-10-18,$25.00,IM-ADA.AI,,https://pub-35015e19c4b442b9af31f1dfd941f47f.r2.dev/receipts/im_adaai_2024-10-18_25_0_2.jpg,Yes,RATE_LIMITED,,VERIFIED,VERIFIED
815,2024-07-12,$9.29,PMC - PAID PARKING,,https://pub-35015e19c4b442b9af31f1dfd941f47f.r2.dev/receipts/pmc_paid_parking_2024-07-12_9_29_2.png,Yes,RATE_LIMITED,,VERIFIED,VERIFIED
816,2024-08-06,$21.00,METROPOLIS PARKING,,https://pub-35015e19c4b442b9af31f1dfd941f47f.r2.dev/receipts/metropolis_parking_2024-08-06_21_0.jpg,Yes,RATE_LIMITED,,VERIFIED,VERIFIED
818,2024-10-16,$26.22,PMC - PAID PARKING,,https://pub-35015e19c4b442b9af31f1dfd941f47f.r2.dev/receipts/pmc_paid_parking_2024-10-16_26_22_2.png,Yes,RATE_LIMITED,,VERIFIED,VERIFIED
819,2024-10-21,$50.00,IM-ADA.AI,,https://pub-35015e19c4b442b9af31f1dfd941f47f.r2.dev/receipts/im_adaai_2024-10-21_50_0_2.jpg,Yes,VERIFIED,,,VERIFIED
823,2024-11-18,$32.93,Midjourney,,https://pub-35015e19c4b442b9af31f1dfd941f47f.r2.dev/receipts/receipt_19a2665bba37_att1.jpg,Yes,,,MISMATCH,VERIFIED
824,2025-11-21,$32.93,midjourney,,https://pub-35015e19c4b442b9af31f1dfd941f47f.r2.dev/receipts/receipt_198ec087021a_att1.jpg,Yes,MISMATCH,,,VERIFIED
827,2024-10-23,$6.73,Belcourt Luke II,,https://pub-35015e19c4b442b9af31f1dfd941f47f.r2.dev/receipts/belcourt_luke_ii_2024-10-23_6_73.jpg,Yes,VERIFIED,,,VERIFIED
829,2025-10-22,$158.04,runway,,https://pub-35015e19c4b442b9af31f1dfd941f47f.r2.dev/receipts/incoming/receipt_19a0b09638e6_att0.jpg,Yes,RATE_LIMITED,,VERIFIED,VERIFIED
830,2025-09-10,$120.00,taskade,,https://pub-35015e19c4b442b9af31f1dfd941f47f.r2.dev/receipts/incoming/receipt_199314a94cc4_att0.jpg,Yes,RATE_LIMITED,,VERIFIED,VERIFIED
831,2025-10-28,$5.00,railway corporation,,https://pub-35015e19c4b442b9af31f1dfd941f47f.r2.dev/receipts/incoming/receipt_19a28cbc06ea_att0.jpg,Yes,RATE_LIMITED,,MISMATCH,VERIFIED
832,2025-11-19,$8.00,metropolis,,,No,NO_RECEIPT,,,NO_RECEIPT
